Source_country,Contestant,2016,2017,2018,2019,2021,2022,2023,Total_points,Frequency
Albania,Armenia,2,7,0,0,0,4,10,23,4
Albania,Australia,24,4,0,3,0,0,3,34,4
Albania,Austria,0,0,2,0,0,0,0,2,1
Albania,Azerbaijan,0,2,0,11,2,3,0,18,4
Albania,Belgium,0,5,0,0,0,2,5,12,3
Albania,Bulgaria,12,20,14,0,5,0,0,51,4
Albania,Croatia,0,7,0,0,0,0,8,15,2
Albania,Cyprus,0,0,20,7,9,0,11,47,4
Albania,Czech Republic,0,0,1,0,0,0,0,1,1
Albania,Estonia,0,0,4,0,0,5,8,17,3
Albania,Finland,0,0,0,0,6,2,6,14,3
Albania,France,10,6,12,3,16,0,3,50,6
Albania,Germany,0,0,14,0,0,0,0,14,1
Albania,Greece,0,4,0,6,14,12,0,36,4
Albania,Hungary,2,6,0,0,0,0,0,8,2
Albania,Ireland,0,0,7,0,0,0,0,7,1
Albania,Israel,3,0,6,0,0,0,11,20,3
Albania,Italy,18,24,24,13,14,20,14,127,7
Albania,Lithuania,4,0,0,0,0,0,0,4,1
Albania,Malta,2,0,0,0,8,0,0,10,2
Albania,Moldova,0,0,2,0,7,1,0,10,3
Albania,Netherlands,0,0,0,7,0,12,0,19,2
Albania,North Macedonia,0,0,0,18,0,0,0,18,1
Albania,Norway,0,0,0,5,0,0,4,9,2
Albania,Poland,5,0,0,0,0,0,1,6,2
Albania,Portugal,0,14,0,0,0,1,0,15,2
Albania,Romania,0,7,0,0,0,0,0,7,1
Albania,Russia,14,0,0,13,0,0,0,27,2
Albania,San Marino,0,0,0,10,5,0,0,15,2
Albania,Serbia,0,0,3,0,1,3,0,7,3
Albania,Slovenia,0,0,0,0,0,0,2,2,1
Albania,Spain,6,0,0,0,0,12,1,19,3
Albania,Sweden,3,2,4,6,1,8,22,46,7
Albania,Switzerland,0,0,0,14,24,0,7,45,3
Albania,Ukraine,6,0,0,0,4,17,0,27,3
Albania,United Kingdom,5,8,3,0,0,14,0,30,4
Armenia,Australia,5,0,2,1,0,0,0,8,3
Armenia,Austria,4,1,7,0,0,0,2,14,4
Armenia,Belarus,0,0,0,1,0,0,0,1,1
Armenia,Belgium,4,5,0,0,0,0,0,9,2
Armenia,Bulgaria,7,7,0,0,0,0,0,14,2
Armenia,Cyprus,12,19,19,0,0,0,13,63,4
Armenia,Czech Republic,1,0,14,3,0,0,0,18,3
Armenia,Estonia,0,0,2,0,0,15,0,17,2
Armenia,Finland,0,0,0,0,0,0,14,14,1
Armenia,France,19,11,9,4,0,7,17,67,6
Armenia,Georgia,18,0,0,0,0,0,0,18,1
Armenia,Germany,0,0,5,0,0,0,0,5,1
Armenia,Greece,0,11,0,0,0,5,0,16,2
Armenia,Hungary,3,0,0,0,0,0,0,3,1
Armenia,Iceland,0,0,0,3,0,0,0,3,1
Armenia,Israel,0,0,18,0,0,0,24,42,2
Armenia,Italy,0,6,3,15,0,10,3,37,5
Armenia,Lithuania,0,0,0,0,0,2,0,2,1
Armenia,Malta,13,0,0,10,0,0,0,23,2
Armenia,Moldova,0,14,11,0,0,6,0,31,3
Armenia,Netherlands,0,0,3,16,0,4,0,23,3
Armenia,North Macedonia,0,0,0,10,0,0,0,10,1
Armenia,Norway,0,5,7,5,0,0,8,25,4
Armenia,Poland,1,0,0,0,0,0,6,7,2
Armenia,Portugal,0,22,0,0,0,12,0,34,2
Armenia,Romania,0,2,0,0,0,0,0,2,1
Armenia,Russia,14,0,0,17,0,0,0,31,2
Armenia,Serbia,0,0,0,0,0,6,0,6,1
Armenia,Spain,3,0,0,0,0,20,6,29,3
Armenia,Sweden,2,9,12,14,0,12,17,66,6
Armenia,Switzerland,0,0,0,15,0,0,2,17,2
Armenia,Ukraine,10,0,4,0,0,16,4,34,4
Armenia,United Kingdom,0,4,0,2,0,1,0,7,3
Australia,Armenia,0,1,0,0,0,0,0,1,1
Australia,Austria,3,3,5,0,0,0,13,24,4
Australia,Azerbaijan,0,0,0,3,0,2,0,5,2
Australia,Belgium,24,4,0,0,0,5,15,48,4
Australia,Bulgaria,18,13,0,0,2,0,0,33,3
Australia,Croatia,1,1,0,0,0,0,4,6,3
Australia,Cyprus,0,0,7,0,4,0,11,22,3
Australia,Czech Republic,0,0,4,7,0,4,0,15,3
Australia,Denmark,0,13,10,0,0,0,0,23,2
Australia,Estonia,0,0,8,0,0,1,8,17,3
Australia,Finland,0,0,4,0,3,0,17,24,3
Australia,France,13,0,0,13,11,0,2,39,4
Australia,Germany,0,0,12,3,0,0,0,15,2
Australia,Iceland,0,0,0,18,20,0,0,38,2
Australia,Ireland,0,0,12,0,0,0,0,12,1
Australia,Israel,10,0,18,0,0,0,5,33,3
Australia,Italy,0,2,0,5,13,4,1,25,5
Australia,Lithuania,8,0,3,0,6,2,10,29,5
Australia,Malta,6,0,0,4,20,0,0,30,3
Australia,Moldova,0,22,7,0,0,4,0,33,3
Australia,Netherlands,3,4,0,12,3,0,0,22,4
Australia,North Macedonia,0,0,0,7,0,0,0,7,1
Australia,Norway,0,0,1,12,1,10,6,30,5
Australia,Poland,0,2,0,0,0,3,0,5,2
Australia,Portugal,0,14,0,0,0,6,2,22,3
Australia,Romania,0,10,0,0,0,0,0,10,1
Australia,Russia,5,0,0,4,1,0,0,10,3
Australia,Serbia,0,0,0,1,2,16,0,19,3
Australia,Slovenia,0,0,0,0,0,0,1,1,1
Australia,Spain,7,0,7,0,0,18,4,36,4
Australia,Sweden,0,12,12,20,0,15,17,76,5
Australia,Switzerland,0,0,0,7,15,0,0,22,2
Australia,Ukraine,10,0,0,0,15,19,0,44,3
Australia,United Kingdom,8,15,6,0,0,7,0,36,4
Austria,Albania,0,0,9,0,0,0,3,12,2
Austria,Armenia,2,0,0,0,0,6,1,9,3
Austria,Australia,15,0,0,3,0,0,0,18,2
Austria,Azerbaijan,0,0,0,5,0,0,0,5,1
Austria,Belarus,0,7,0,0,0,0,0,7,1
Austria,Belgium,5,10,0,0,0,0,3,18,3
Austria,Bulgaria,5,17,6,0,5,0,0,33,4
Austria,Croatia,6,4,0,0,0,0,10,20,3
Austria,Cyprus,0,0,1,0,0,0,2,3,2
Austria,Czech Republic,4,0,15,3,0,0,5,27,4
Austria,Denmark,0,0,5,0,0,0,0,5,1
Austria,Estonia,0,0,2,0,0,0,0,2,1
Austria,Finland,0,0,0,0,5,0,20,25,2
Austria,France,8,0,0,5,14,0,0,27,3
Austria,Germany,2,0,16,0,2,2,6,28,5
Austria,Greece,0,0,0,0,0,4,0,4,1
Austria,Hungary,0,10,3,0,0,0,0,13,2
Austria,Iceland,0,0,0,6,22,0,0,28,2
Austria,Ireland,0,0,8,0,0,0,0,8,1
Austria,Israel,0,0,19,0,0,0,1,20,2
Austria,Italy,0,12,10,17,14,6,20,79,6
Austria,Lithuania,1,0,0,0,3,0,7,11,3
Austria,Malta,10,0,0,0,6,0,0,16,2
Austria,Moldova,0,3,0,0,0,7,0,10,2
Austria,Netherlands,6,12,1,15,3,8,0,45,6
Austria,North Macedonia,0,0,0,12,0,0,0,12,1
Austria,Norway,0,3,0,9,1,10,7,30,5
Austria,Poland,12,2,0,0,0,4,0,18,3
Austria,Portugal,0,20,0,0,7,10,0,37,3
Austria,Romania,0,10,0,0,0,0,0,10,1
Austria,Russia,11,0,0,5,0,0,0,16,2
Austria,Serbia,4,0,8,6,12,10,0,40,5
Austria,Slovenia,0,0,5,2,0,0,6,13,3
Austria,Spain,0,0,0,0,0,3,0,3,1
Austria,Sweden,15,5,8,6,0,13,14,61,6
Austria,Switzerland,0,0,0,22,15,1,6,44,4
Austria,Ukraine,10,0,0,0,7,12,5,34,4
Austria,United Kingdom,0,1,0,0,0,20,0,21,2
Azerbaijan,Albania,0,0,12,7,0,0,8,27,3
Azerbaijan,Australia,9,0,0,2,0,2,5,18,4
Azerbaijan,Belarus,0,12,0,6,0,0,0,18,2
Azerbaijan,Belgium,0,4,0,0,3,0,0,7,2
Azerbaijan,Bulgaria,16,14,6,0,1,0,0,37,4
Azerbaijan,Croatia,0,1,0,0,0,0,0,1,1
Azerbaijan,Cyprus,0,0,14,3,0,0,6,23,3
Azerbaijan,Czech Republic,0,0,6,0,0,0,3,9,2
Azerbaijan,Estonia,0,0,3,0,0,0,1,4,2
Azerbaijan,Finland,0,0,0,0,5,0,11,16,2
Azerbaijan,France,4,5,0,0,6,1,0,16,4
Azerbaijan,Georgia,1,0,0,0,0,0,0,1,1
Azerbaijan,Germany,0,0,5,0,0,0,0,5,1
Azerbaijan,Greece,0,5,0,6,10,6,0,27,4
Azerbaijan,Hungary,11,7,8,0,0,0,0,26,3
Azerbaijan,Israel,9,5,13,0,12,0,24,63,5
Azerbaijan,Italy,0,6,5,11,10,15,10,57,6
Azerbaijan,Lithuania,5,0,0,0,0,0,0,5,1
Azerbaijan,Malta,11,0,0,14,7,0,0,32,3
Azerbaijan,Moldova,0,20,11,0,9,0,0,40,3
Azerbaijan,Netherlands,0,0,0,7,0,4,0,11,2
Azerbaijan,North Macedonia,0,0,0,11,0,0,0,11,1
Azerbaijan,Norway,0,0,7,1,7,7,2,24,5
Azerbaijan,Poland,5,6,0,0,0,3,0,14,3
Azerbaijan,Portugal,0,16,0,0,2,7,0,25,3
Azerbaijan,Romania,0,5,0,0,0,0,0,5,1
Azerbaijan,Russia,24,0,0,24,18,0,0,66,3
Azerbaijan,San Marino,0,0,0,10,3,0,0,13,2
Azerbaijan,Serbia,0,0,10,0,0,6,0,16,2
Azerbaijan,Slovenia,0,0,0,4,0,0,5,9,2
Azerbaijan,Spain,1,0,0,2,0,15,7,25,4
Azerbaijan,Sweden,0,3,2,0,5,12,20,42,5
Azerbaijan,Switzerland,0,0,0,8,4,0,5,17,3
Azerbaijan,Ukraine,20,7,14,0,14,18,9,82,6
Azerbaijan,United Kingdom,0,0,0,0,0,20,0,20,1
Belarus,Albania,0,0,7,0,0,0,0,7,1
Belarus,Armenia,10,0,0,0,0,0,0,10,1
Belarus,Australia,7,7,2,2,0,0,0,18,4
Belarus,Austria,0,4,10,0,0,0,0,14,2
Belarus,Azerbaijan,10,0,0,11,0,0,0,21,2
Belarus,Belgium,4,6,0,0,0,0,0,10,2
Belarus,Bulgaria,5,24,1,0,0,0,0,30,3
Belarus,Cyprus,0,0,15,8,0,0,0,23,2
Belarus,Czech Republic,0,0,11,0,0,0,0,11,1
Belarus,Denmark,0,3,10,0,0,0,0,13,2
Belarus,France,0,4,0,0,0,0,0,4,1
Belarus,Greece,0,0,0,3,0,0,0,3,1
Belarus,Hungary,3,8,2,0,0,0,0,13,3
Belarus,Iceland,0,0,0,7,0,0,0,7,1
Belarus,Israel,0,1,8,0,0,0,0,9,2
Belarus,Italy,0,0,4,10,0,0,0,14,2
Belarus,Latvia,5,0,0,0,0,0,0,5,1
Belarus,Lithuania,10,0,5,0,0,0,0,15,2
Belarus,Malta,5,0,0,12,0,0,0,17,2
Belarus,Moldova,0,10,6,0,0,0,0,16,2
Belarus,Netherlands,0,5,0,16,0,0,0,21,2
Belarus,North Macedonia,0,0,0,10,0,0,0,10,1
Belarus,Norway,0,11,18,8,0,0,0,37,3
Belarus,Poland,6,2,0,0,0,0,0,8,2
Belarus,Portugal,0,17,0,0,0,0,0,17,1
Belarus,Romania,0,2,0,0,0,0,0,2,1
Belarus,Russia,24,0,0,13,0,0,0,37,2
Belarus,San Marino,0,0,0,1,0,0,0,1,1
Belarus,Slovenia,0,0,4,5,0,0,0,9,2
Belarus,Sweden,10,11,1,2,0,0,0,24,4
Belarus,Switzerland,0,0,0,8,0,0,0,8,1
Belarus,Ukraine,17,1,12,0,0,0,0,30,3
Belgium,Albania,0,0,2,0,0,0,3,5,2
Belgium,Armenia,7,0,0,0,0,0,6,13,2
Belgium,Australia,16,6,0,8,0,1,4,35,5
Belgium,Austria,8,3,15,0,0,0,12,38,4
Belgium,Azerbaijan,0,4,0,0,0,3,0,7,2
Belgium,Bulgaria,11,18,0,0,6,0,0,35,3
Belgium,Cyprus,0,5,11,2,0,0,0,18,3
Belgium,Czech Republic,1,0,8,5,0,2,3,19,5
Belgium,Denmark,0,0,5,1,0,0,0,6,2
Belgium,Finland,0,0,0,0,14,0,17,31,2
Belgium,France,16,4,11,18,12,0,3,64,6
Belgium,Georgia,7,0,0,0,0,0,0,7,1
Belgium,Germany,0,0,7,0,0,0,0,7,1
Belgium,Greece,0,0,0,3,0,0,0,3,1
Belgium,Hungary,0,1,0,0,0,0,0,1,1
Belgium,Iceland,0,0,0,13,8,0,0,21,2
Belgium,Ireland,0,0,4,0,0,0,0,4,1
Belgium,Israel,2,0,16,0,0,0,15,33,3
Belgium,Italy,10,5,6,20,10,12,14,77,7
Belgium,Lithuania,0,0,0,0,7,0,0,7,1
Belgium,Malta,0,0,0,0,7,0,0,7,1
Belgium,Moldova,0,7,0,0,0,8,0,15,2
Belgium,Netherlands,14,10,22,18,0,10,0,74,5
Belgium,Norway,0,7,0,7,1,0,8,23,4
Belgium,Poland,12,4,0,0,0,7,6,29,4
Belgium,Portugal,0,20,0,0,1,6,0,27,3
Belgium,Romania,0,6,0,0,0,0,0,6,1
Belgium,Russia,6,0,0,1,7,0,0,14,3
Belgium,Serbia,0,0,0,0,0,6,0,6,1
Belgium,Spain,0,0,1,6,0,16,6,29,4
Belgium,Sweden,1,14,8,2,7,12,18,62,7
Belgium,Switzerland,0,0,0,12,16,0,0,28,2
Belgium,Ukraine,5,0,0,0,20,18,1,44,4
Belgium,United Kingdom,0,2,0,0,0,15,0,17,2
Bosnia and Herzegovina,Armenia,2,0,0,0,0,0,0,2,1
Bosnia and Herzegovina,Australia,13,0,0,0,0,0,0,13,1
Bosnia and Herzegovina,Austria,5,0,0,0,0,0,0,5,1
Bosnia and Herzegovina,Azerbaijan,9,0,0,0,0,0,0,9,1
Bosnia and Herzegovina,Bulgaria,5,0,0,0,0,0,0,5,1
Bosnia and Herzegovina,Croatia,14,0,0,0,0,0,0,14,1
Bosnia and Herzegovina,Czech Republic,6,0,0,0,0,0,0,6,1
Bosnia and Herzegovina,France,11,0,0,0,0,0,0,11,1
Bosnia and Herzegovina,Hungary,1,0,0,0,0,0,0,1,1
Bosnia and Herzegovina,Russia,11,0,0,0,0,0,0,11,1
Bosnia and Herzegovina,Serbia,20,0,0,0,0,0,0,20,1
Bosnia and Herzegovina,Ukraine,19,0,0,0,0,0,0,19,1
Bulgaria,Albania,0,0,7,0,0,0,0,7,1
Bulgaria,Armenia,20,4,0,0,0,10,0,34,3
Bulgaria,Australia,13,0,0,0,0,0,0,13,1
Bulgaria,Austria,4,12,16,0,0,0,0,32,3
Bulgaria,Azerbaijan,1,5,0,0,4,3,0,13,4
Bulgaria,Belarus,0,2,0,0,0,0,0,2,1
Bulgaria,Belgium,10,4,0,0,0,6,0,20,3
Bulgaria,Croatia,0,1,0,0,0,0,0,1,1
Bulgaria,Cyprus,7,3,15,0,0,0,0,25,3
Bulgaria,Czech Republic,0,0,11,0,0,0,0,11,1
Bulgaria,Estonia,0,0,2,0,0,0,0,2,1
Bulgaria,Finland,0,0,0,0,9,0,0,9,1
Bulgaria,France,0,12,5,0,17,0,0,34,3
Bulgaria,Georgia,3,0,0,0,0,0,0,3,1
Bulgaria,Germany,0,0,6,0,0,0,0,6,1
Bulgaria,Greece,0,11,0,0,10,18,0,39,3
Bulgaria,Hungary,0,6,5,0,0,0,0,11,2
Bulgaria,Ireland,0,0,1,0,0,0,0,1,1
Bulgaria,Israel,2,8,14,0,3,0,0,27,4
Bulgaria,Italy,0,0,6,0,22,3,0,31,3
Bulgaria,Lithuania,1,0,10,0,0,0,0,11,2
Bulgaria,Malta,7,0,0,0,5,0,0,12,2
Bulgaria,Moldova,0,10,8,0,12,7,0,37,4
Bulgaria,Netherlands,2,10,0,0,2,0,0,14,3
Bulgaria,Norway,0,0,0,0,0,3,0,3,1
Bulgaria,Poland,6,7,0,0,0,0,0,13,2
Bulgaria,Portugal,0,7,0,0,6,4,0,17,3
Bulgaria,Romania,0,11,0,0,0,4,0,15,2
Bulgaria,Russia,18,0,0,0,7,0,0,25,2
Bulgaria,Serbia,5,0,7,0,5,10,0,27,4
Bulgaria,Spain,4,0,0,0,4,16,0,24,3
Bulgaria,Sweden,3,2,2,0,1,0,0,8,4
Bulgaria,Switzerland,0,0,0,0,3,7,0,10,2
Bulgaria,Ukraine,10,1,1,0,6,12,0,30,5
Bulgaria,United Kingdom,0,0,0,0,0,13,0,13,1
Croatia,Albania,0,0,5,1,1,0,6,13,4
Croatia,Armenia,4,0,0,0,0,0,0,4,1
Croatia,Australia,17,6,0,0,0,0,0,23,2
Croatia,Austria,6,1,0,0,0,0,0,7,2
Croatia,Azerbaijan,0,0,0,0,2,0,0,2,1
Croatia,Belarus,0,5,0,0,0,0,0,5,1
Croatia,Belgium,0,5,0,0,0,0,0,5,1
Croatia,Bulgaria,1,18,8,0,0,0,0,27,3
Croatia,Cyprus,1,0,8,0,0,0,0,9,2
Croatia,Czech Republic,10,0,9,7,0,0,3,29,4
Croatia,Denmark,0,3,2,0,0,0,0,5,2
Croatia,Estonia,0,0,0,1,0,2,3,6,3
Croatia,Finland,0,0,0,0,6,0,17,23,2
Croatia,France,10,3,6,3,13,1,0,36,6
Croatia,Germany,0,0,3,0,0,0,0,3,1
Croatia,Greece,0,0,0,0,0,3,0,3,1
Croatia,Hungary,8,24,0,0,0,0,0,32,2
Croatia,Iceland,0,0,0,3,14,0,0,17,2
Croatia,Ireland,0,0,3,0,0,0,0,3,1
Croatia,Israel,7,0,16,0,5,0,12,40,4
Croatia,Italy,3,7,10,24,22,10,20,96,7
Croatia,Lithuania,0,0,12,0,2,10,0,24,3
Croatia,Malta,0,0,0,0,3,0,0,3,1
Croatia,Moldova,0,4,8,0,0,8,3,23,4
Croatia,Netherlands,0,9,0,10,0,2,0,21,3
Croatia,North Macedonia,0,0,0,17,0,0,0,17,1
Croatia,Norway,0,2,5,5,0,5,5,22,5
Croatia,Poland,4,0,0,0,0,0,0,4,1
Croatia,Portugal,0,17,0,0,1,10,1,29,4
Croatia,Romania,0,6,0,0,0,0,0,6,1
Croatia,Russia,14,0,0,2,7,0,0,23,3
Croatia,San Marino,0,0,0,2,0,0,0,2,1
Croatia,Serbia,14,0,12,12,19,24,11,92,6
Croatia,Slovenia,0,0,7,10,0,0,17,34,3
Croatia,Spain,0,0,0,0,0,13,6,19,2
Croatia,Sweden,7,6,0,5,0,9,12,39,5
Croatia,Switzerland,0,0,0,14,13,1,0,28,3
Croatia,Ukraine,10,0,0,0,8,18,0,36,3
Croatia,United Kingdom,0,0,2,0,0,0,0,2,1
Cyprus,Albania,0,0,6,2,0,0,0,8,2
Cyprus,Armenia,16,1,0,0,0,1,8,26,4
Cyprus,Australia,15,4,0,2,0,8,8,37,5
Cyprus,Austria,0,0,2,0,0,0,10,12,2
Cyprus,Azerbaijan,2,1,0,6,0,10,0,19,4
Cyprus,Belgium,0,5,0,0,4,2,0,11,3
Cyprus,Bulgaria,12,17,12,0,12,0,0,53,4
Cyprus,Croatia,1,0,0,0,0,0,0,1,1
Cyprus,Czech Republic,0,0,13,0,0,0,1,14,2
Cyprus,Estonia,0,0,5,0,0,0,0,5,1
Cyprus,Finland,0,0,0,0,7,0,10,17,2
Cyprus,France,13,5,4,7,15,0,3,47,6
Cyprus,Germany,0,0,3,0,0,0,0,3,1
Cyprus,Greece,0,24,0,24,24,22,0,94,4
Cyprus,Hungary,8,0,4,0,0,0,0,12,2
Cyprus,Israel,5,0,10,5,2,0,19,41,5
Cyprus,Italy,3,18,15,16,18,6,11,87,7
Cyprus,Lithuania,3,0,6,0,5,2,0,16,4
Cyprus,Malta,6,0,0,3,11,0,0,20,3
Cyprus,Moldova,0,6,10,0,0,0,1,17,3
Cyprus,Netherlands,0,0,0,11,0,0,0,11,1
Cyprus,Norway,0,0,5,1,0,0,5,11,3
Cyprus,Poland,2,0,0,0,0,3,2,7,3
Cyprus,Portugal,0,15,0,0,1,0,0,16,2
Cyprus,Romania,0,4,0,0,0,4,0,8,2
Cyprus,Russia,22,0,0,20,9,0,0,51,3
Cyprus,Serbia,0,0,0,0,0,11,0,11,1
Cyprus,Spain,0,0,7,4,0,14,6,31,4
Cyprus,Sweden,1,11,12,7,0,5,20,56,6
Cyprus,Switzerland,0,0,0,8,2,0,2,12,3
Cyprus,Ukraine,7,0,2,0,6,19,10,44,5
Cyprus,United Kingdom,0,5,0,0,0,9,0,14,2
Czech Republic,Albania,0,0,6,0,0,0,0,6,1
Czech Republic,Armenia,8,2,0,0,0,0,0,10,2
Czech Republic,Australia,1,10,0,8,0,1,0,20,4
Czech Republic,Austria,4,4,5,0,0,0,0,13,3
Czech Republic,Azerbaijan,6,10,0,12,0,0,0,28,3
Czech Republic,Belarus,0,3,0,0,0,0,0,3,1
Czech Republic,Belgium,2,4,0,0,3,0,0,9,3
Czech Republic,Bulgaria,5,14,5,0,4,0,0,28,4
Czech Republic,Croatia,8,0,0,0,0,0,0,8,1
Czech Republic,Cyprus,0,0,8,0,0,0,0,8,1
Czech Republic,Denmark,0,6,7,0,0,0,0,13,2
Czech Republic,Estonia,0,0,5,2,0,12,0,19,3
Czech Republic,Finland,0,0,3,0,5,1,0,9,3
Czech Republic,France,5,0,0,2,12,0,0,19,3
Czech Republic,Germany,0,0,3,0,0,0,0,3,1
Czech Republic,Greece,0,0,0,0,8,3,0,11,2
Czech Republic,Hungary,13,0,2,0,0,0,0,15,2
Czech Republic,Iceland,0,0,0,10,15,0,0,25,2
Czech Republic,Ireland,0,0,14,0,0,0,0,14,1
Czech Republic,Israel,0,0,22,3,0,0,0,25,2
Czech Republic,Italy,0,1,2,10,12,0,0,25,4
Czech Republic,Latvia,1,0,0,0,0,0,0,1,1
Czech Republic,Lithuania,3,0,1,0,1,0,0,5,3
Czech Republic,Malta,6,0,0,3,7,0,0,16,3
Czech Republic,Moldova,0,8,6,0,12,8,0,34,4
Czech Republic,Netherlands,7,8,0,10,0,0,0,25,3
Czech Republic,North Macedonia,0,0,0,7,0,0,0,7,1
Czech Republic,Norway,0,0,0,10,0,5,0,15,2
Czech Republic,Poland,7,1,0,0,0,7,0,15,3
Czech Republic,Portugal,0,20,0,0,12,5,0,37,3
Czech Republic,Romania,0,6,0,0,0,0,0,6,1
Czech Republic,Russia,10,0,0,12,7,0,0,29,3
Czech Republic,Serbia,0,0,0,0,0,10,0,10,1
Czech Republic,Slovenia,0,0,7,10,0,0,0,17,2
Czech Republic,Spain,0,0,0,0,0,13,0,13,1
Czech Republic,Sweden,14,7,8,12,0,15,0,56,5
Czech Republic,Switzerland,0,0,0,5,8,6,0,19,3
Czech Republic,Ukraine,12,7,12,0,10,16,0,57,5
Czech Republic,United Kingdom,4,5,0,0,0,14,0,23,3
Czechia,Armenia,0,0,0,0,0,0,10,10,1
Czechia,Australia,0,0,0,0,0,0,7,7,1
Czechia,Croatia,0,0,0,0,0,0,4,4,1
Czechia,Estonia,0,0,0,0,0,0,2,2,1
Czechia,Finland,0,0,0,0,0,0,15,15,1
Czechia,Germany,0,0,0,0,0,0,1,1,1
Czechia,Israel,0,0,0,0,0,0,8,8,1
Czechia,Italy,0,0,0,0,0,0,5,5,1
Czechia,Moldova,0,0,0,0,0,0,5,5,1
Czechia,Norway,0,0,0,0,0,0,7,7,1
Czechia,Slovenia,0,0,0,0,0,0,9,9,1
Czechia,Spain,0,0,0,0,0,0,3,3,1
Czechia,Sweden,0,0,0,0,0,0,16,16,1
Czechia,Ukraine,0,0,0,0,0,0,24,24,1
Denmark,Albania,0,0,0,0,7,0,0,7,1
Denmark,Armenia,0,1,0,0,0,0,0,1,1
Denmark,Australia,20,10,12,2,0,0,2,46,5
Denmark,Austria,1,7,18,0,0,0,7,33,4
Denmark,Azerbaijan,0,0,0,9,0,0,0,9,1
Denmark,Belgium,16,8,0,0,0,0,9,33,3
Denmark,Bulgaria,6,14,1,0,6,0,0,27,4
Denmark,Cyprus,0,0,6,0,0,0,7,13,2
Denmark,Czech Republic,0,0,6,0,0,0,0,6,1
Denmark,Estonia,0,0,7,10,0,3,0,20,3
Denmark,Finland,0,0,0,0,15,0,20,35,2
Denmark,France,2,0,2,0,3,0,6,13,4
Denmark,Germany,0,0,24,8,0,0,0,32,2
Denmark,Greece,0,0,0,0,0,12,0,12,1
Denmark,Hungary,0,3,0,0,0,0,0,3,1
Denmark,Iceland,0,0,0,4,22,3,0,29,3
Denmark,Ireland,0,0,4,0,0,0,0,4,1
Denmark,Israel,2,0,3,0,1,0,0,6,3
Denmark,Italy,0,0,0,4,5,0,3,12,3
Denmark,Lithuania,11,0,0,0,4,10,4,29,4
Denmark,Malta,0,0,0,0,6,0,0,6,1
Denmark,Moldova,0,11,0,0,0,5,1,17,3
Denmark,Netherlands,14,6,5,14,0,10,0,49,5
Denmark,North Macedonia,0,0,0,10,0,0,0,10,1
Denmark,Norway,0,13,8,17,11,8,20,77,6
Denmark,Poland,5,0,0,0,0,4,5,14,3
Denmark,Portugal,0,15,0,0,0,8,0,23,2
Denmark,Romania,0,4,0,0,0,0,0,4,1
Denmark,Russia,4,0,0,3,0,0,0,7,2
Denmark,San Marino,0,0,0,0,5,0,0,5,1
Denmark,Spain,1,0,6,1,0,5,0,13,4
Denmark,Sweden,16,24,11,22,12,17,20,122,7
Denmark,Switzerland,0,0,0,12,18,2,4,36,4
Denmark,Ukraine,15,0,0,0,1,17,7,40,4
Denmark,United Kingdom,3,0,3,0,0,12,1,19,4
Estonia,Armenia,0,0,0,0,0,0,3,3,1
Estonia,Australia,14,7,0,2,0,8,14,45,5
Estonia,Austria,6,0,18,0,0,0,0,24,2
Estonia,Azerbaijan,0,0,0,6,0,3,0,9,2
Estonia,Belarus,0,2,0,1,0,0,0,3,2
Estonia,Belgium,0,14,0,0,0,0,6,20,2
Estonia,Bulgaria,0,19,7,0,6,0,0,32,3
Estonia,Cyprus,7,0,12,0,0,0,0,19,2
Estonia,Czech Republic,0,0,5,8,0,0,0,13,2
Estonia,Denmark,0,5,8,8,0,0,0,21,3
Estonia,Finland,0,0,12,0,19,13,22,66,4
Estonia,France,3,1,0,3,17,0,0,24,4
Estonia,Germany,0,0,6,0,0,2,0,8,2
Estonia,Greece,0,0,0,0,0,6,0,6,1
Estonia,Hungary,0,9,3,0,0,0,0,12,2
Estonia,Iceland,0,0,0,5,11,0,0,16,2
Estonia,Israel,0,0,0,0,0,0,4,4,1
Estonia,Italy,0,5,7,0,11,10,7,40,5
Estonia,Latvia,15,0,0,0,0,0,0,15,1
Estonia,Lithuania,10,0,22,0,12,9,6,59,5
Estonia,Malta,2,0,0,0,1,0,0,3,2
Estonia,Moldova,0,4,1,0,0,6,0,11,3
Estonia,Netherlands,6,4,1,15,0,4,0,30,5
Estonia,Norway,0,10,6,10,4,4,7,41,6
Estonia,Poland,1,0,0,0,0,0,3,4,2
Estonia,Portugal,0,18,3,0,5,7,0,33,4
Estonia,Romania,0,6,0,0,0,0,0,6,1
Estonia,Russia,12,0,0,18,6,0,0,36,3
Estonia,Serbia,0,0,0,4,0,0,0,4,1
Estonia,Slovenia,0,0,0,7,0,0,1,8,2
Estonia,Spain,0,0,0,0,0,1,2,3,2
Estonia,Sweden,22,6,5,15,1,22,22,93,7
Estonia,Switzerland,0,0,0,14,14,0,4,32,3
Estonia,Ukraine,15,0,0,0,9,12,15,51,4
Estonia,United Kingdom,3,6,0,0,0,9,0,18,3
Finland,Armenia,0,0,0,0,0,1,0,1,1
Finland,Australia,15,10,0,16,0,8,8,57,5
Finland,Austria,10,0,10,0,0,0,4,24,3
Finland,Azerbaijan,0,0,0,2,0,3,0,5,2
Finland,Belgium,0,10,0,0,0,0,5,15,2
Finland,Bulgaria,4,13,10,0,10,0,0,37,4
Finland,Croatia,0,0,0,0,0,0,4,4,1
Finland,Cyprus,1,5,7,0,0,0,1,14,4
Finland,Czech Republic,3,0,5,4,0,0,18,30,4
Finland,Denmark,0,4,13,0,0,0,0,17,2
Finland,Estonia,0,0,12,8,0,10,6,36,4
Finland,France,4,1,9,0,13,1,7,35,6
Finland,Germany,0,0,1,0,0,0,5,6,2
Finland,Greece,0,0,0,0,2,6,0,8,2
Finland,Hungary,0,4,8,0,0,0,0,12,2
Finland,Iceland,0,0,0,12,20,0,0,32,2
Finland,Ireland,0,0,2,0,0,0,0,2,1
Finland,Israel,7,0,19,0,0,0,0,26,2
Finland,Italy,2,15,10,8,14,2,6,57,7
Finland,Latvia,2,0,0,0,0,0,0,2,1
Finland,Lithuania,6,0,0,0,8,2,0,16,3
Finland,Malta,5,0,0,1,1,0,0,7,3
Finland,Moldova,0,8,0,0,2,5,3,18,4
Finland,Netherlands,10,0,2,13,0,5,0,30,4
Finland,North Macedonia,0,0,0,7,0,0,0,7,1
Finland,Norway,0,3,0,10,4,10,12,39,5
Finland,Poland,5,0,0,0,0,0,0,5,1
Finland,Portugal,0,20,0,0,0,0,3,23,2
Finland,Romania,0,3,0,0,0,0,0,3,1
Finland,Russia,8,0,0,4,5,0,0,17,3
Finland,Serbia,0,0,0,0,0,14,0,14,1
Finland,Slovenia,0,0,0,7,0,0,7,14,2
Finland,Spain,0,0,0,0,0,3,0,3,1
Finland,Sweden,22,18,8,19,8,20,12,107,7
Finland,Switzerland,0,0,0,5,19,0,11,35,3
Finland,Ukraine,12,0,0,0,10,12,0,34,3
Finland,United Kingdom,0,2,0,0,0,14,4,20,3
France,Armenia,14,6,0,0,0,12,19,51,4
France,Australia,6,2,10,10,0,0,0,28,4
France,Austria,16,1,7,0,0,0,10,34,4
France,Azerbaijan,0,0,0,6,0,0,0,6,1
France,Belgium,4,8,0,0,6,6,2,26,5
France,Bulgaria,15,9,0,0,0,0,0,24,2
France,Cyprus,0,0,3,0,2,0,0,5,2
France,Czech Republic,0,0,4,3,0,2,4,13,4
France,Denmark,0,0,2,5,0,0,0,7,2
France,Estonia,0,0,7,0,0,0,0,7,1
France,Finland,0,0,0,0,1,0,14,15,2
France,Germany,0,0,8,0,0,0,0,8,1
France,Greece,0,0,0,0,12,3,0,15,2
France,Hungary,0,2,0,0,0,0,0,2,1
France,Iceland,0,0,0,6,7,0,0,13,2
France,Ireland,0,0,1,0,0,0,0,1,1
France,Israel,3,9,24,12,10,0,22,80,6
France,Italy,12,15,10,18,10,3,9,77,7
France,Malta,4,0,0,0,0,0,0,4,1
France,Moldova,0,7,6,0,7,10,8,38,5
France,Netherlands,7,4,6,17,0,4,0,38,5
France,North Macedonia,0,0,0,7,0,0,0,7,1
France,Norway,0,7,0,8,0,0,1,16,3
France,Poland,7,1,0,0,0,12,0,20,3
France,Portugal,0,24,8,0,16,7,10,65,5
France,Romania,0,10,0,0,0,1,0,11,2
France,Russia,7,0,0,3,10,0,0,20,3
France,San Marino,0,0,0,0,4,0,0,4,1
France,Serbia,0,0,1,0,3,8,0,12,3
France,Slovenia,0,0,2,0,0,0,0,2,1
France,Spain,4,0,5,7,0,12,0,28,4
France,Sweden,7,8,5,10,3,0,9,42,6
France,Switzerland,0,0,0,4,13,0,3,20,3
France,Ukraine,10,0,4,0,12,22,5,53,5
France,United Kingdom,0,3,3,0,0,14,0,20,3
Georgia,Albania,0,0,4,0,0,0,0,4,1
Georgia,Armenia,12,13,0,0,0,10,22,57,4
Georgia,Australia,9,0,0,0,0,0,2,11,2
Georgia,Austria,0,5,9,0,0,0,0,14,2
Georgia,Azerbaijan,7,22,0,17,8,3,0,57,5
Georgia,Belarus,0,6,0,0,0,0,0,6,1
Georgia,Belgium,10,0,0,0,0,0,12,22,2
Georgia,Bulgaria,3,13,6,0,4,0,0,26,4
Georgia,Croatia,2,0,0,0,0,0,1,3,2
Georgia,Cyprus,0,6,10,18,0,0,3,37,4
Georgia,Czech Republic,0,0,0,12,0,0,0,12,1
Georgia,Denmark,0,0,3,7,0,0,0,10,2
Georgia,Estonia,0,0,16,0,0,0,5,21,2
Georgia,Finland,0,0,0,0,0,2,9,11,2
Georgia,France,4,3,4,5,5,1,0,22,6
Georgia,Germany,1,0,7,0,0,0,0,8,2
Georgia,Greece,0,0,0,0,12,4,0,16,2
Georgia,Hungary,2,0,0,0,0,0,0,2,1
Georgia,Iceland,0,0,0,3,7,0,0,10,2
Georgia,Israel,3,0,15,4,0,0,13,35,4
Georgia,Italy,0,7,5,1,20,10,13,56,6
Georgia,Latvia,13,0,0,0,0,0,0,13,1
Georgia,Lithuania,10,0,9,0,13,5,10,47,5
Georgia,Malta,0,0,0,0,1,0,0,1,1
Georgia,Moldova,0,0,3,0,2,8,3,16,4
Georgia,Netherlands,0,1,5,13,2,4,0,25,5
Georgia,North Macedonia,0,0,0,2,0,0,0,2,1
Georgia,Norway,0,7,0,0,0,0,2,9,2
Georgia,Poland,4,0,0,0,0,2,0,6,2
Georgia,Portugal,0,20,0,0,8,7,0,35,3
Georgia,Russia,8,0,0,8,4,0,0,20,3
Georgia,San Marino,0,0,0,10,7,0,0,17,2
Georgia,Serbia,0,0,0,0,0,7,0,7,1
Georgia,Slovenia,0,0,0,4,0,0,0,4,1
Georgia,Spain,0,0,0,0,0,11,0,11,1
Georgia,Sweden,6,9,12,8,0,8,11,54,6
Georgia,Switzerland,0,0,0,3,10,0,0,13,2
Georgia,Ukraine,22,4,8,0,13,18,10,75,6
Georgia,United Kingdom,0,0,0,1,0,16,0,17,2
Germany,Albania,0,0,0,0,0,0,8,8,1
Germany,Armenia,2,0,0,0,0,0,0,2,1
Germany,Australia,11,5,7,15,0,5,8,51,6
Germany,Austria,7,2,15,0,0,0,2,26,4
Germany,Azerbaijan,0,0,0,0,0,6,0,6,1
Germany,Belgium,5,10,0,0,0,0,2,17,3
Germany,Bulgaria,4,13,0,0,0,0,0,17,2
Germany,Croatia,0,11,0,0,0,0,6,17,2
Germany,Cyprus,0,0,9,0,7,0,0,16,2
Germany,Czech Republic,0,0,8,0,0,0,5,13,2
Germany,Denmark,0,0,3,5,0,0,0,8,2
Germany,Estonia,0,0,2,0,0,0,10,12,2
Germany,Finland,0,0,0,0,8,0,12,20,2
Germany,France,0,0,0,4,22,0,0,26,2
Germany,Georgia,8,0,0,0,0,0,0,8,1
Germany,Hungary,0,4,2,0,0,0,0,6,2
Germany,Iceland,0,0,0,2,9,0,0,11,2
Germany,Ireland,0,0,15,0,0,0,0,15,1
Germany,Israel,12,0,11,0,0,0,0,23,2
Germany,Italy,4,4,12,18,13,3,14,68,7
Germany,Latvia,2,0,0,0,0,0,0,2,1
Germany,Lithuania,1,0,8,0,13,0,1,23,4
Germany,Malta,0,0,0,3,8,0,0,11,2
Germany,Moldova,0,7,0,0,0,10,0,17,2
Germany,Netherlands,7,8,5,15,0,8,0,43,5
Germany,North Macedonia,0,0,0,7,0,0,0,7,1
Germany,Norway,0,12,0,17,1,4,11,45,5
Germany,Poland,10,2,0,0,0,8,4,24,4
Germany,Portugal,0,22,0,0,0,0,0,22,1
Germany,Romania,0,6,0,0,0,1,0,7,2
Germany,Russia,12,0,0,8,7,0,0,27,3
Germany,Serbia,0,0,0,0,3,7,3,13,3
Germany,Slovenia,0,0,0,3,0,0,0,3,1
Germany,Spain,0,0,6,0,0,10,7,23,3
Germany,Sweden,18,4,12,3,4,12,13,66,7
Germany,Switzerland,0,0,0,16,12,2,3,33,4
Germany,Ukraine,13,0,0,0,9,22,7,51,4
Germany,United Kingdom,0,6,1,0,0,18,0,25,3
Greece,Albania,0,0,17,8,7,0,7,39,4
Greece,Armenia,18,10,0,0,0,0,2,30,3
Greece,Australia,12,0,0,5,0,8,5,30,4
Greece,Austria,1,0,0,0,0,0,7,8,2
Greece,Azerbaijan,1,10,0,8,2,12,0,33,5
Greece,Belarus,0,3,0,0,0,0,0,3,1
Greece,Belgium,0,5,0,0,3,0,12,20,3
Greece,Bulgaria,7,12,5,0,8,0,0,32,4
Greece,Cyprus,20,24,24,24,24,0,16,132,6
Greece,Czech Republic,0,0,7,0,0,2,1,10,3
Greece,Estonia,0,0,7,0,0,0,0,7,1
Greece,Finland,0,0,0,0,6,0,10,16,2
Greece,France,10,4,5,1,13,1,3,37,7
Greece,Georgia,5,0,0,0,0,0,0,5,1
Greece,Germany,0,0,2,0,0,0,0,2,1
Greece,Hungary,5,0,6,0,0,0,0,11,2
Greece,Iceland,0,0,0,2,0,0,0,2,1
Greece,Israel,0,0,10,0,0,0,15,25,2
Greece,Italy,0,11,9,17,14,8,5,64,6
Greece,Malta,4,0,0,5,9,0,0,18,3
Greece,Moldova,0,13,11,0,10,9,0,43,4
Greece,Netherlands,0,0,0,6,0,4,0,10,2
Greece,North Macedonia,0,0,0,1,0,0,0,1,1
Greece,Norway,0,0,3,0,0,6,6,15,3
Greece,Poland,3,0,0,0,0,10,0,13,2
Greece,Portugal,0,13,0,0,0,3,10,26,3
Greece,Romania,0,7,0,0,0,9,0,16,2
Greece,Russia,22,0,0,18,3,0,0,43,3
Greece,San Marino,0,0,0,6,7,0,0,13,2
Greece,Serbia,0,0,2,0,0,8,1,11,3
Greece,Slovenia,0,0,0,4,0,0,0,4,1
Greece,Spain,0,0,0,4,0,17,0,21,2
Greece,Sweden,0,3,8,0,0,4,14,29,4
Greece,Switzerland,0,0,0,7,4,0,2,13,3
Greece,Ukraine,8,0,0,0,6,10,0,24,3
Greece,United Kingdom,0,1,0,0,0,5,0,6,2
Hungary,Albania,0,0,10,0,0,0,0,10,1
Hungary,Armenia,1,2,0,0,0,0,0,3,2
Hungary,Australia,15,7,7,0,0,0,0,29,3
Hungary,Austria,6,0,11,0,0,0,0,17,2
Hungary,Azerbaijan,7,4,0,7,0,0,0,18,3
Hungary,Belarus,0,0,0,8,0,0,0,8,1
Hungary,Belgium,0,8,0,0,0,0,0,8,1
Hungary,Bulgaria,4,22,0,0,0,0,0,26,2
Hungary,Croatia,0,5,0,0,0,0,0,5,1
Hungary,Cyprus,5,2,7,0,0,0,0,14,3
Hungary,Czech Republic,2,0,8,12,0,0,0,22,3
Hungary,Denmark,0,5,24,6,0,0,0,35,3
Hungary,France,1,1,0,1,0,0,0,3,3
Hungary,Germany,0,0,1,0,0,0,0,1,1
Hungary,Iceland,0,0,0,12,0,0,0,12,1
Hungary,Ireland,0,0,3,0,0,0,0,3,1
Hungary,Israel,0,0,16,0,0,0,0,16,1
Hungary,Italy,0,4,6,11,0,0,0,21,3
Hungary,Latvia,8,0,0,0,0,0,0,8,1
Hungary,Lithuania,3,0,5,0,0,0,0,8,2
Hungary,Malta,10,0,0,0,0,0,0,10,1
Hungary,Moldova,0,10,2,0,0,0,0,12,2
Hungary,Netherlands,8,8,8,9,0,0,0,33,4
Hungary,North Macedonia,0,0,0,10,0,0,0,10,1
Hungary,Norway,0,6,7,10,0,0,0,23,3
Hungary,Poland,8,0,0,0,0,0,0,8,1
Hungary,Portugal,0,19,0,0,0,0,0,19,1
Hungary,Romania,0,6,0,0,0,0,0,6,1
Hungary,Russia,10,0,0,7,0,0,0,17,2
Hungary,San Marino,0,0,0,6,0,0,0,6,1
Hungary,Slovenia,0,0,0,3,0,0,0,3,1
Hungary,Spain,5,0,0,0,0,0,0,5,1
Hungary,Sweden,11,4,1,4,0,0,0,20,4
Hungary,Switzerland,0,0,0,8,0,0,0,8,1
Hungary,Ukraine,12,0,0,0,0,0,0,12,1
Hungary,United Kingdom,0,3,0,2,0,0,0,5,2
Iceland,Albania,0,0,10,0,0,0,0,10,1
Iceland,Australia,18,10,0,20,0,0,15,63,4
Iceland,Austria,3,0,17,0,0,0,8,28,3
Iceland,Azerbaijan,1,0,0,4,0,0,0,5,2
Iceland,Belgium,6,12,0,0,0,0,11,29,3
Iceland,Bulgaria,0,10,0,0,8,0,0,18,2
Iceland,Croatia,7,0,0,0,0,0,5,12,2
Iceland,Cyprus,0,0,3,0,0,0,0,3,1
Iceland,Czech Republic,5,0,11,8,0,2,6,32,5
Iceland,Denmark,0,3,12,4,0,0,0,19,3
Iceland,Estonia,0,0,7,3,0,0,0,10,2
Iceland,Finland,0,0,3,0,17,0,22,42,3
Iceland,France,7,0,9,1,13,0,4,34,5
Iceland,Germany,0,0,14,0,0,0,2,16,2
Iceland,Greece,0,0,0,0,4,0,0,4,1
Iceland,Hungary,0,6,0,0,0,0,0,6,1
Iceland,Ireland,0,0,4,0,0,0,0,4,1
Iceland,Israel,0,0,15,0,0,0,0,15,1
Iceland,Italy,0,12,0,9,12,6,1,40,5
Iceland,Lithuania,4,0,0,0,4,3,0,11,3
Iceland,Malta,4,0,0,0,4,0,0,8,2
Iceland,Moldova,0,6,0,0,0,6,0,12,2
Iceland,Netherlands,18,0,0,12,0,9,0,39,3
Iceland,North Macedonia,0,0,0,8,0,0,0,8,1
Iceland,Norway,0,2,4,12,1,18,12,49,6
Iceland,Poland,10,3,0,0,0,4,7,24,4
Iceland,Portugal,0,24,0,0,12,5,0,41,3
Iceland,Romania,0,5,0,0,0,0,0,5,1
Iceland,Russia,15,0,0,0,2,0,0,17,2
Iceland,San Marino,0,0,0,1,0,0,0,1,1
Iceland,Serbia,0,0,0,2,0,1,1,4,3
Iceland,Spain,0,0,0,0,0,6,3,9,2
Iceland,Sweden,18,16,7,20,10,20,17,108,7
Iceland,Switzerland,0,0,0,12,18,0,0,30,2
Iceland,Ukraine,0,0,0,0,11,22,2,35,3
Iceland,United Kingdom,0,7,0,0,0,14,0,21,2
Ireland,Albania,0,0,2,0,0,0,0,2,1
Ireland,Armenia,0,0,0,0,0,0,6,6,1
Ireland,Australia,6,0,0,14,0,2,4,26,4
Ireland,Austria,1,7,5,0,0,0,0,13,3
Ireland,Azerbaijan,0,1,0,7,2,0,0,10,3
Ireland,Belgium,12,17,0,0,3,0,13,45,4
Ireland,Bulgaria,15,16,10,0,1,0,0,42,4
Ireland,Croatia,0,3,0,0,0,0,2,5,2
Ireland,Cyprus,0,0,17,0,0,0,0,17,1
Ireland,Czech Republic,2,0,7,0,0,7,3,19,4
Ireland,Denmark,0,0,2,0,0,0,0,2,1
Ireland,Estonia,0,0,7,1,0,0,0,8,2
Ireland,Finland,0,0,0,0,5,0,20,25,2
Ireland,France,3,0,4,0,19,0,5,31,4
Ireland,Germany,0,3,16,2,0,0,0,21,3
Ireland,Hungary,0,2,0,0,0,0,0,2,1
Ireland,Iceland,0,0,0,6,18,1,0,25,3
Ireland,Israel,4,0,13,0,0,0,8,25,3
Ireland,Italy,6,1,0,5,6,6,0,24,5
Ireland,Latvia,8,0,0,0,0,0,0,8,1
Ireland,Lithuania,12,0,12,0,16,8,11,59,5
Ireland,Malta,0,0,0,0,14,0,0,14,1
Ireland,Moldova,0,8,1,0,0,7,4,20,4
Ireland,Netherlands,8,4,3,16,0,0,0,31,4
Ireland,North Macedonia,0,0,0,5,0,0,0,5,1
Ireland,Norway,0,2,0,18,7,4,5,36,5
Ireland,Poland,10,7,0,0,0,10,8,35,4
Ireland,Portugal,0,15,6,0,2,4,0,27,4
Ireland,Romania,0,20,0,0,0,2,0,22,2
Ireland,Russia,8,0,0,8,0,0,0,16,2
Ireland,Serbia,0,0,0,0,0,6,0,6,1
Ireland,Spain,0,0,1,0,0,17,0,18,2
Ireland,Sweden,7,6,0,14,1,13,18,59,6
Ireland,Switzerland,0,0,0,17,8,0,0,25,2
Ireland,Ukraine,4,0,0,0,14,15,7,40,4
Ireland,United Kingdom,10,4,10,3,0,14,2,43,6
Israel,Armenia,8,0,0,0,0,0,3,11,2
Israel,Australia,15,0,7,11,0,5,0,38,4
Israel,Austria,3,0,13,0,0,0,6,22,3
Israel,Azerbaijan,2,0,0,10,4,0,0,16,3
Israel,Belarus,0,3,0,0,0,0,0,3,1
Israel,Belgium,7,14,0,0,6,4,3,34,5
Israel,Bulgaria,14,17,1,0,1,0,0,33,4
Israel,Croatia,3,0,0,0,0,0,6,9,2
Israel,Cyprus,0,0,2,0,3,0,1,6,3
Israel,Czech Republic,0,0,12,1,0,2,6,21,4
Israel,Denmark,0,0,6,1,0,0,0,7,2
Israel,Estonia,0,0,8,8,0,0,5,21,3
Israel,Finland,0,0,6,0,4,0,20,30,3
Israel,France,20,10,6,6,16,0,1,59,6
Israel,Germany,0,0,8,0,0,0,0,8,1
Israel,Hungary,0,1,3,0,0,0,0,4,2
Israel,Iceland,0,0,0,0,1,0,0,1,1
Israel,Italy,0,10,5,18,7,11,7,58,6
Israel,Latvia,5,0,0,0,0,0,0,5,1
Israel,Lithuania,1,0,0,0,13,0,0,14,2
Israel,Malta,0,0,0,4,10,0,0,14,2
Israel,Moldova,0,8,10,0,0,6,5,29,4
Israel,Netherlands,0,0,0,14,0,3,0,17,2
Israel,Norway,0,5,0,10,0,4,20,39,4
Israel,Poland,4,0,0,0,0,7,2,13,3
Israel,Portugal,0,24,0,0,0,0,0,24,1
Israel,Romania,0,7,0,0,0,0,0,7,1
Israel,Russia,10,0,0,12,17,0,0,39,3
Israel,Serbia,0,0,0,0,0,7,0,7,1
Israel,Slovenia,0,0,4,0,0,0,0,4,1
Israel,Spain,4,0,0,5,0,11,0,20,3
Israel,Sweden,0,13,10,6,0,17,16,62,5
Israel,Switzerland,0,0,0,10,18,0,0,28,2
Israel,Ukraine,20,4,7,0,16,19,15,81,6
Israel,United Kingdom,0,0,8,0,0,20,0,28,2
Italy,Albania,0,0,12,13,10,0,7,42,4
Italy,Armenia,1,4,0,0,0,8,5,18,4
Italy,Australia,6,0,0,12,0,2,0,20,3
Italy,Austria,0,1,7,0,0,0,0,8,2
Italy,Azerbaijan,0,12,0,8,0,0,0,20,2
Italy,Belgium,0,9,0,0,5,7,2,23,4
Italy,Bulgaria,7,10,0,0,0,0,0,17,2
Italy,Croatia,0,6,0,0,0,0,4,10,2
Italy,Cyprus,7,0,8,0,0,0,0,15,2
Italy,Czech Republic,0,0,0,4,0,0,9,13,2
Italy,Denmark,0,0,12,16,0,0,0,28,2
Italy,Estonia,0,0,10,5,0,0,6,21,3
Italy,Finland,0,0,0,0,18,1,6,25,3
Italy,France,12,7,0,5,4,0,0,28,4
Italy,Georgia,6,0,0,0,0,0,0,6,1
Italy,Germany,0,0,13,0,0,0,0,13,1
Italy,Greece,0,0,0,0,0,10,0,10,1
Italy,Hungary,0,4,2,0,0,0,0,6,2
Italy,Iceland,0,0,0,7,14,0,0,21,2
Italy,Ireland,0,0,5,0,0,0,0,5,1
Italy,Israel,8,0,9,0,4,0,17,38,4
Italy,Lithuania,2,0,0,0,17,0,3,22,3
Italy,Malta,5,0,0,8,7,0,0,20,3
Italy,Moldova,0,20,10,0,2,15,12,59,5
Italy,Netherlands,4,0,0,5,0,14,0,23,3
Italy,North Macedonia,0,0,0,10,0,0,0,10,1
Italy,Norway,0,3,12,10,2,4,10,41,6
Italy,Poland,10,3,0,0,0,3,0,16,3
Italy,Portugal,0,10,0,0,6,1,0,17,3
Italy,Romania,0,10,0,0,0,8,0,18,2
Italy,Russia,8,0,0,8,7,0,0,23,3
Italy,San Marino,0,0,0,0,3,0,0,3,1
Italy,Serbia,4,0,1,0,4,11,1,21,5
Italy,Spain,12,0,0,0,0,0,0,12,1
Italy,Sweden,2,10,1,2,0,5,11,31,6
Italy,Switzerland,0,0,0,3,0,3,5,11,3
Italy,Ukraine,22,7,8,0,13,12,18,80,6
Italy,United Kingdom,0,0,6,0,0,12,0,18,2
Latvia,Armenia,6,0,0,0,0,0,1,7,2
Latvia,Australia,11,5,6,6,0,2,0,30,5
Latvia,Austria,4,6,7,0,0,0,0,17,3
Latvia,Azerbaijan,3,0,0,10,0,0,0,13,2
Latvia,Belarus,0,8,0,0,0,0,0,8,1
Latvia,Belgium,0,22,0,0,0,0,2,24,2
Latvia,Bulgaria,2,15,0,0,5,0,0,22,3
Latvia,Croatia,0,0,0,0,0,0,4,4,1
Latvia,Cyprus,0,0,1,0,0,0,6,7,2
Latvia,Czech Republic,0,0,4,3,0,0,1,8,3
Latvia,Denmark,0,0,5,7,0,0,0,12,2
Latvia,Estonia,0,0,18,15,0,8,18,59,4
Latvia,Finland,0,0,0,0,12,1,12,25,3
Latvia,France,0,0,10,0,6,0,0,16,2
Latvia,Georgia,2,0,0,0,0,0,0,2,1
Latvia,Germany,0,0,3,0,0,0,0,3,1
Latvia,Greece,0,0,0,0,0,7,0,7,1
Latvia,Hungary,0,2,0,0,0,0,0,2,1
Latvia,Iceland,0,0,0,7,15,0,0,22,2
Latvia,Israel,2,0,8,0,0,0,10,20,3
Latvia,Italy,0,3,6,5,15,0,3,32,5
Latvia,Lithuania,18,0,16,0,18,11,17,80,5
Latvia,Malta,4,0,0,1,2,0,0,7,3
Latvia,Moldova,0,9,7,0,0,7,0,23,3
Latvia,Netherlands,3,0,5,17,0,4,0,29,4
Latvia,North Macedonia,0,0,0,8,0,0,0,8,1
Latvia,Norway,0,8,2,8,2,10,3,33,6
Latvia,Poland,5,0,0,0,0,0,0,5,1
Latvia,Portugal,0,22,0,0,0,6,0,28,2
Latvia,Romania,0,8,0,0,0,0,0,8,1
Latvia,Russia,19,0,0,16,11,0,0,46,3
Latvia,Serbia,0,0,0,0,0,2,0,2,1
Latvia,Slovenia,0,0,1,2,0,0,2,5,3
Latvia,Spain,0,0,0,0,0,4,8,12,2
Latvia,Sweden,15,4,12,10,1,16,18,76,7
Latvia,Switzerland,0,0,0,1,16,3,0,20,3
Latvia,Ukraine,22,0,3,0,13,24,11,73,5
Latvia,United Kingdom,0,4,2,0,0,11,0,17,3
Lithuania,Armenia,4,3,0,0,0,0,0,7,2
Lithuania,Australia,17,1,0,3,0,0,4,25,4
Lithuania,Austria,1,5,15,0,0,0,8,29,4
Lithuania,Azerbaijan,0,0,0,15,0,0,0,15,1
Lithuania,Belarus,0,1,0,0,0,0,0,1,1
Lithuania,Belgium,5,14,0,0,9,0,7,35,4
Lithuania,Bulgaria,2,14,0,0,2,0,0,18,3
Lithuania,Croatia,0,0,0,0,0,0,4,4,1
Lithuania,Cyprus,0,0,7,0,0,0,1,8,2
Lithuania,Czech Republic,0,0,8,7,0,0,0,15,2
Lithuania,Denmark,0,0,10,0,0,0,0,10,1
Lithuania,Estonia,0,0,12,4,0,8,10,34,4
Lithuania,Finland,0,0,0,0,7,0,15,22,2
Lithuania,France,4,0,15,0,13,0,7,39,4
Lithuania,Georgia,14,0,0,0,0,0,0,14,1
Lithuania,Germany,0,0,7,5,0,0,0,12,2
Lithuania,Hungary,2,2,2,0,0,0,0,6,3
Lithuania,Iceland,0,0,0,12,7,2,0,21,3
Lithuania,Ireland,0,0,4,0,0,0,0,4,1
Lithuania,Israel,6,0,7,0,1,0,13,27,4
Lithuania,Italy,0,13,7,13,20,7,6,66,6
Lithuania,Latvia,19,0,0,0,0,0,0,19,1
Lithuania,Malta,0,0,0,0,3,0,0,3,1
Lithuania,Moldova,0,8,0,0,0,5,2,15,3
Lithuania,Netherlands,0,2,3,19,0,7,0,31,4
Lithuania,Norway,0,16,0,8,5,2,0,31,4
Lithuania,Poland,9,0,0,0,0,0,8,17,2
Lithuania,Portugal,0,24,7,0,6,15,0,52,4
Lithuania,Romania,0,4,0,0,0,0,0,4,1
Lithuania,Russia,8,0,0,13,4,0,0,25,3
Lithuania,Serbia,0,0,0,0,0,1,0,1,1
Lithuania,Slovenia,0,0,0,4,0,0,0,4,1
Lithuania,Spain,0,0,0,0,0,11,0,11,1
Lithuania,Sweden,7,9,12,11,1,13,19,72,7
Lithuania,Switzerland,0,0,0,2,14,7,0,23,3
Lithuania,Ukraine,18,0,0,0,24,24,12,78,4
Lithuania,United Kingdom,0,0,0,0,0,14,0,14,1
Macedonia,Albania,0,0,18,0,0,0,0,18,1
Macedonia,Armenia,7,0,0,0,0,0,0,7,1
Macedonia,Australia,11,8,0,0,0,0,0,19,2
Macedonia,Azerbaijan,1,0,0,0,0,0,0,1,1
Macedonia,Belgium,8,4,0,0,0,0,0,12,2
Macedonia,Bulgaria,20,24,7,0,0,0,0,51,3
Macedonia,Croatia,11,10,0,0,0,0,0,21,2
Macedonia,Cyprus,0,0,18,0,0,0,0,18,1
Macedonia,Czech Republic,0,0,9,0,0,0,0,9,1
Macedonia,Denmark,0,7,0,0,0,0,0,7,1
Macedonia,Estonia,0,0,12,0,0,0,0,12,1
Macedonia,Finland,0,0,5,0,0,0,0,5,1
Macedonia,France,0,11,0,0,0,0,0,11,1
Macedonia,Germany,0,0,3,0,0,0,0,3,1
Macedonia,Hungary,0,3,0,0,0,0,0,3,1
Macedonia,Israel,5,1,4,0,0,0,0,10,3
Macedonia,Italy,1,8,6,0,0,0,0,15,3
Macedonia,Latvia,3,0,0,0,0,0,0,3,1
Macedonia,Moldova,0,8,1,0,0,0,0,9,2
Macedonia,Netherlands,2,0,0,0,0,0,0,2,1
Macedonia,Norway,0,2,0,0,0,0,0,2,1
Macedonia,Poland,2,0,0,0,0,0,0,2,1
Macedonia,Portugal,0,17,0,0,0,0,0,17,1
Macedonia,Romania,0,4,0,0,0,0,0,4,1
Macedonia,Russia,8,0,0,0,0,0,0,8,1
Macedonia,Serbia,19,0,18,0,0,0,0,37,2
Macedonia,Slovenia,0,0,4,0,0,0,0,4,1
Macedonia,Sweden,0,6,7,0,0,0,0,13,2
Macedonia,Ukraine,18,0,4,0,0,0,0,22,2
Macedonia,United Kingdom,0,3,0,0,0,0,0,3,1
Malta,Albania,0,0,0,2,12,0,3,17,3
Malta,Armenia,7,1,0,0,0,0,0,8,2
Malta,Australia,15,0,9,3,0,6,0,33,4
Malta,Austria,0,0,1,0,0,0,1,2,2
Malta,Azerbaijan,6,0,0,10,0,2,0,18,3
Malta,Belarus,0,2,0,0,0,0,0,2,1
Malta,Belgium,0,5,0,0,0,0,0,5,1
Malta,Bulgaria,18,18,9,0,0,0,0,45,3
Malta,Croatia,0,9,0,0,0,0,0,9,1
Malta,Cyprus,5,0,22,6,6,0,5,44,5
Malta,Czech Republic,0,0,8,0,0,3,0,11,2
Malta,Denmark,0,0,2,0,0,0,0,2,1
Malta,Estonia,0,0,0,0,0,5,0,5,1
Malta,Finland,0,0,0,0,9,1,16,26,3
Malta,France,8,4,8,0,6,0,1,27,5
Malta,Germany,0,0,4,0,0,0,0,4,1
Malta,Greece,0,0,0,4,6,1,0,11,3
Malta,Hungary,5,5,0,0,0,0,0,10,2
Malta,Iceland,0,0,0,1,5,0,0,6,2
Malta,Israel,1,7,14,0,0,0,13,35,4
Malta,Italy,15,24,22,24,12,17,22,136,7
Malta,Lithuania,0,0,5,0,6,0,4,15,3
Malta,Moldova,0,1,0,0,0,0,0,1,1
Malta,Netherlands,3,0,0,17,0,0,0,20,2
Malta,North Macedonia,0,0,0,8,0,0,0,8,1
Malta,Norway,0,0,4,7,10,4,9,34,5
Malta,Poland,0,0,0,0,0,6,0,6,1
Malta,Portugal,0,18,0,0,7,0,3,28,3
Malta,Romania,0,11,0,0,0,3,0,14,2
Malta,Russia,14,0,0,14,0,0,0,28,2
Malta,San Marino,0,0,0,1,1,0,0,2,2
Malta,Serbia,0,0,0,0,4,6,2,12,3
Malta,Spain,2,0,0,0,0,19,0,21,2
Malta,Sweden,0,7,7,11,16,15,22,78,6
Malta,Switzerland,0,0,0,8,10,0,6,24,3
Malta,Ukraine,4,0,0,0,6,8,5,23,4
Malta,United Kingdom,13,4,1,0,0,20,4,42,5
Moldova,Albania,0,0,0,0,0,0,1,1,1
Moldova,Armenia,12,6,0,0,0,0,4,22,3
Moldova,Australia,15,4,7,10,0,6,5,47,6
Moldova,Austria,4,2,3,0,0,0,0,9,3
Moldova,Azerbaijan,8,15,0,16,7,1,0,47,5
Moldova,Belarus,0,4,0,0,0,0,0,4,1
Moldova,Belgium,0,2,0,0,0,5,0,7,2
Moldova,Bulgaria,2,18,11,0,12,0,0,43,4
Moldova,Croatia,1,0,0,0,0,0,0,1,1
Moldova,Cyprus,2,0,13,0,1,0,7,23,4
Moldova,Czech Republic,0,0,6,10,0,0,1,17,3
Moldova,Denmark,0,0,0,4,0,0,0,4,1
Moldova,Estonia,0,0,13,0,0,12,7,32,3
Moldova,Finland,0,0,0,0,5,0,7,12,2
Moldova,France,6,5,0,0,10,2,0,23,4
Moldova,Germany,0,0,8,0,0,0,0,8,1
Moldova,Greece,0,7,0,0,15,0,0,22,2
Moldova,Hungary,0,1,2,0,0,0,0,3,2
Moldova,Iceland,0,0,0,1,5,0,0,6,2
Moldova,Israel,0,0,22,7,0,0,10,39,3
Moldova,Italy,0,4,8,5,8,0,15,40,5
Moldova,Latvia,1,0,0,0,0,0,0,1,1
Moldova,Lithuania,7,0,0,0,2,4,0,13,3
Moldova,Malta,3,0,0,1,7,0,0,11,3
Moldova,Netherlands,0,0,1,9,0,0,0,10,2
Moldova,North Macedonia,0,0,0,12,0,0,0,12,1
Moldova,Norway,0,0,7,10,0,6,6,29,4
Moldova,Poland,0,0,0,0,0,0,4,4,1
Moldova,Portugal,0,13,0,0,2,2,8,25,4
Moldova,Romania,0,24,0,0,0,10,0,34,2
Moldova,Russia,19,0,0,17,22,0,0,58,3
Moldova,San Marino,0,0,0,8,0,0,0,8,1
Moldova,Spain,8,0,0,0,0,11,3,22,3
Moldova,Sweden,6,11,0,2,3,13,20,55,6
Moldova,Switzerland,0,0,0,4,7,7,0,18,3
Moldova,Ukraine,22,0,15,0,10,24,18,89,5
Moldova,United Kingdom,0,0,0,0,0,13,0,13,1
Montenegro,Albania,0,0,20,15,0,0,0,35,2
Montenegro,Armenia,10,4,0,0,0,0,0,14,2
Montenegro,Australia,4,0,0,4,0,0,0,8,2
Montenegro,Austria,0,1,0,0,0,0,0,1,1
Montenegro,Azerbaijan,7,5,0,3,0,1,0,16,4
Montenegro,Belgium,3,10,0,0,0,0,0,13,2
Montenegro,Bulgaria,7,8,4,0,0,0,0,19,3
Montenegro,Croatia,6,17,0,0,0,0,0,23,2
Montenegro,Cyprus,0,1,6,5,0,0,0,12,3
Montenegro,Czech Republic,0,0,0,1,0,0,0,1,1
Montenegro,Denmark,0,0,6,3,0,0,0,9,2
Montenegro,Estonia,0,0,5,0,0,3,0,8,2
Montenegro,France,6,5,0,0,0,0,0,11,2
Montenegro,Greece,0,12,0,0,0,0,0,12,1
Montenegro,Hungary,10,7,3,0,0,0,0,20,3
Montenegro,Iceland,0,0,0,2,0,0,0,2,1
Montenegro,Israel,0,0,1,0,0,0,0,1,1
Montenegro,Italy,4,18,12,7,0,16,0,57,5
Montenegro,Lithuania,2,0,0,0,0,2,0,4,2
Montenegro,Malta,12,0,0,6,0,0,0,18,2
Montenegro,Moldova,0,3,8,0,0,7,0,18,3
Montenegro,Netherlands,0,0,3,1,0,3,0,7,3
Montenegro,North Macedonia,0,0,0,13,0,0,0,13,1
Montenegro,Norway,0,0,7,0,0,2,0,9,2
Montenegro,Poland,1,0,0,0,0,4,0,5,2
Montenegro,Portugal,0,8,0,0,0,9,0,17,2
Montenegro,Romania,0,10,0,0,0,0,0,10,1
Montenegro,Russia,18,0,0,20,0,0,0,38,2
Montenegro,San Marino,0,0,0,8,0,0,0,8,1
Montenegro,Serbia,18,0,24,24,0,24,0,90,4
Montenegro,Slovenia,0,0,6,4,0,0,0,10,2
Montenegro,Spain,0,0,0,0,0,16,0,16,1
Montenegro,Sweden,0,7,2,0,0,8,0,17,3
Montenegro,Ukraine,8,0,7,0,0,16,0,31,3
Montenegro,United Kingdom,0,0,2,0,0,5,0,7,2
Netherlands,Albania,0,0,0,0,1,0,0,1,1
Netherlands,Armenia,10,0,0,0,0,0,0,10,1
Netherlands,Australia,17,4,0,4,0,7,1,33,5
Netherlands,Austria,14,3,13,0,0,0,5,35,4
Netherlands,Azerbaijan,1,0,0,4,2,0,0,7,3
Netherlands,Belgium,16,12,0,0,6,10,14,58,5
Netherlands,Bulgaria,1,18,0,0,0,0,0,19,2
Netherlands,Croatia,0,3,0,0,0,0,0,3,1
Netherlands,Cyprus,0,0,11,1,0,0,0,12,2
Netherlands,Czech Republic,0,0,6,4,0,0,8,18,3
Netherlands,Denmark,0,8,8,12,0,0,0,28,3
Netherlands,Estonia,0,0,4,0,0,1,5,10,3
Netherlands,Finland,0,0,0,0,4,0,22,26,2
Netherlands,France,9,0,0,0,24,0,3,36,3
Netherlands,Germany,0,0,24,0,0,0,0,24,1
Netherlands,Greece,0,0,0,0,10,12,0,22,2
Netherlands,Hungary,0,6,2,0,0,0,0,8,2
Netherlands,Iceland,0,0,0,7,18,0,0,25,2
Netherlands,Ireland,0,0,4,0,0,0,0,4,1
Netherlands,Israel,7,0,15,0,4,0,8,34,4
Netherlands,Italy,6,2,7,16,2,0,3,36,6
Netherlands,Lithuania,0,0,7,0,3,0,0,10,2
Netherlands,Malta,0,0,0,8,8,0,0,16,2
Netherlands,Moldova,0,5,0,0,0,12,0,17,2
Netherlands,North Macedonia,0,0,0,4,0,0,0,4,1
Netherlands,Norway,0,7,4,12,0,8,7,38,5
Netherlands,Poland,10,1,0,0,0,6,2,19,4
Netherlands,Portugal,0,24,2,0,6,8,5,45,5
Netherlands,Romania,0,8,0,0,0,0,0,8,1
Netherlands,Russia,3,0,0,5,8,0,0,16,3
Netherlands,Serbia,0,0,0,0,0,3,0,3,1
Netherlands,Slovenia,0,0,1,0,0,0,0,1,1
Netherlands,Spain,0,0,0,3,0,12,7,22,3
Netherlands,Sweden,12,10,8,20,0,3,20,73,6
Netherlands,Switzerland,0,0,0,16,12,10,6,44,4
Netherlands,Ukraine,10,0,0,0,8,12,0,30,3
Netherlands,United Kingdom,0,5,0,0,0,12,0,17,2
North Macedonia,Albania,0,0,0,20,10,0,0,30,2
North Macedonia,Australia,0,0,0,10,0,5,0,15,2
North Macedonia,Azerbaijan,0,0,0,5,3,4,0,12,3
North Macedonia,Belgium,0,0,0,0,0,3,0,3,1
North Macedonia,Cyprus,0,0,0,1,8,0,0,9,2
North Macedonia,Czech Republic,0,0,0,0,0,5,0,5,1
North Macedonia,Estonia,0,0,0,0,0,3,0,3,1
North Macedonia,Finland,0,0,0,0,2,0,0,2,1
North Macedonia,France,0,0,0,0,12,0,0,12,1
North Macedonia,Iceland,0,0,0,2,4,0,0,6,2
North Macedonia,Israel,0,0,0,0,8,0,0,8,1
North Macedonia,Italy,0,0,0,15,18,13,0,46,3
North Macedonia,Lithuania,0,0,0,0,0,1,0,1,1
North Macedonia,Malta,0,0,0,11,5,0,0,16,2
North Macedonia,Moldova,0,0,0,0,0,7,0,7,1
North Macedonia,Netherlands,0,0,0,14,0,0,0,14,1
North Macedonia,Norway,0,0,0,5,0,2,0,7,2
North Macedonia,Poland,0,0,0,0,0,2,0,2,1
North Macedonia,Russia,0,0,0,6,2,0,0,8,2
North Macedonia,San Marino,0,0,0,8,0,0,0,8,1
North Macedonia,Serbia,0,0,0,10,24,22,0,56,3
North Macedonia,Slovenia,0,0,0,2,0,0,0,2,1
North Macedonia,Spain,0,0,0,0,0,22,0,22,1
North Macedonia,Sweden,0,0,0,0,3,10,0,13,2
North Macedonia,Switzerland,0,0,0,7,13,1,0,21,3
North Macedonia,Ukraine,0,0,0,0,4,8,0,12,2
North Macedonia,United Kingdom,0,0,0,0,0,8,0,8,1
Norway,Armenia,0,0,0,0,0,4,0,4,1
Norway,Australia,18,3,6,4,0,0,5,36,5
Norway,Austria,0,0,16,0,0,0,0,16,1
Norway,Azerbaijan,0,0,0,8,1,0,0,9,2
Norway,Belgium,7,7,0,0,0,0,4,18,3
Norway,Bulgaria,13,20,0,0,6,0,0,39,3
Norway,Croatia,0,1,0,0,0,0,0,1,1
Norway,Cyprus,0,0,7,1,0,0,9,17,3
Norway,Czech Republic,0,0,4,12,0,0,4,20,3
Norway,Denmark,0,8,10,9,0,0,0,27,3
Norway,Estonia,0,0,0,2,0,2,0,4,2
Norway,Finland,0,0,0,0,6,0,24,30,2
Norway,France,1,0,8,0,8,0,8,25,4
Norway,Germany,0,0,18,0,0,0,0,18,1
Norway,Greece,0,0,0,0,1,19,0,20,2
Norway,Hungary,0,4,0,0,0,0,0,4,1
Norway,Iceland,0,0,0,10,12,0,0,22,2
Norway,Ireland,0,0,1,0,0,0,0,1,1
Norway,Israel,3,5,7,0,8,0,6,29,5
Norway,Italy,12,9,0,10,12,0,13,56,5
Norway,Latvia,3,0,0,0,0,0,0,3,1
Norway,Lithuania,14,0,15,0,12,12,0,53,4
Norway,Malta,0,0,0,0,15,0,0,15,1
Norway,Moldova,0,8,0,0,0,4,8,20,3
Norway,Netherlands,6,4,9,15,0,5,0,39,5
Norway,North Macedonia,0,0,0,10,0,0,0,10,1
Norway,Poland,11,3,0,0,0,5,6,25,4
Norway,Portugal,0,22,0,0,0,10,0,32,2
Norway,Romania,0,10,0,0,0,0,0,10,1
Norway,Russia,6,0,0,1,0,0,0,7,2
Norway,Serbia,0,0,0,0,0,3,0,3,1
Norway,Spain,7,0,2,0,0,8,1,18,4
Norway,Sweden,7,11,13,20,18,16,20,105,7
Norway,Switzerland,0,0,0,12,9,1,7,29,4
Norway,Ukraine,8,0,0,0,8,15,1,32,4
Norway,United Kingdom,0,1,0,2,0,12,0,15,3
Poland,Albania,0,0,7,0,0,0,0,7,1
Poland,Armenia,2,2,0,0,0,0,1,5,3
Poland,Australia,17,7,4,18,0,6,4,56,6
Poland,Austria,4,0,12,0,0,0,0,16,2
Poland,Azerbaijan,0,1,0,4,0,0,0,5,2
Poland,Belarus,0,4,0,0,0,0,0,4,1
Poland,Belgium,0,22,0,0,3,0,5,30,3
Poland,Bulgaria,6,14,2,0,0,0,0,22,3
Poland,Croatia,0,1,0,0,0,0,6,7,2
Poland,Cyprus,1,0,8,0,0,0,14,23,3
Poland,Czech Republic,4,0,4,1,0,0,3,12,4
Poland,Denmark,0,0,6,5,0,0,0,11,2
Poland,Estonia,0,0,0,0,0,8,8,16,2
Poland,Finland,0,0,0,0,8,0,10,18,2
Poland,France,1,0,3,6,5,0,0,15,4
Poland,Georgia,8,0,0,0,0,0,0,8,1
Poland,Germany,0,0,11,0,0,0,0,11,1
Poland,Greece,0,0,0,0,0,2,0,2,1
Poland,Hungary,6,5,10,0,0,0,0,21,3
Poland,Iceland,0,0,0,15,18,0,0,33,2
Poland,Ireland,0,0,7,0,0,0,0,7,1
Poland,Israel,7,0,10,0,6,0,17,40,4
Poland,Italy,0,0,5,7,15,4,6,37,5
Poland,Latvia,11,0,0,0,0,0,0,11,1
Poland,Lithuania,2,0,1,0,4,2,4,13,5
Poland,Malta,0,0,0,4,4,0,0,8,2
Poland,Moldova,0,6,0,0,0,7,0,13,2
Poland,Netherlands,0,8,8,10,0,3,0,29,4
Poland,North Macedonia,0,0,0,8,0,0,0,8,1
Poland,Norway,0,3,0,9,3,4,8,27,5
Poland,Portugal,0,22,0,0,8,8,0,38,3
Poland,Romania,0,7,0,0,0,0,0,7,1
Poland,Russia,8,0,0,3,3,0,0,14,3
Poland,San Marino,0,0,0,0,12,0,0,12,1
Poland,Serbia,0,0,0,7,0,5,0,12,2
Poland,Slovenia,0,0,0,14,0,0,2,16,2
Poland,Spain,5,0,0,0,0,7,0,12,2
Poland,Sweden,10,7,6,0,1,20,14,58,6
Poland,Switzerland,0,0,0,5,14,5,2,26,4
Poland,Ukraine,24,2,12,0,12,24,12,86,6
Poland,United Kingdom,0,5,0,0,0,11,0,16,2
Portugal,Albania,0,0,10,0,0,0,0,10,1
Portugal,Armenia,0,0,0,0,0,1,0,1,1
Portugal,Australia,0,5,0,11,0,0,12,28,3
Portugal,Austria,0,10,8,0,0,0,0,18,2
Portugal,Azerbaijan,0,12,0,8,0,0,0,20,2
Portugal,Belgium,0,18,0,0,5,0,7,30,3
Portugal,Bulgaria,0,8,7,0,12,0,0,27,3
Portugal,Croatia,0,0,0,0,0,0,3,3,1
Portugal,Cyprus,0,1,5,0,0,0,0,6,2
Portugal,Czech Republic,0,0,0,10,0,0,7,17,2
Portugal,Denmark,0,0,2,1,0,0,0,3,2
Portugal,Estonia,0,0,19,0,0,0,8,27,2
Portugal,Finland,0,0,0,0,5,0,10,15,2
Portugal,France,0,10,5,2,18,0,2,37,5
Portugal,Germany,0,0,8,0,0,0,0,8,1
Portugal,Greece,0,0,0,0,2,4,0,6,2
Portugal,Hungary,0,2,0,0,0,0,0,2,1
Portugal,Iceland,0,0,0,3,11,6,0,20,3
Portugal,Ireland,0,0,3,0,0,0,0,3,1
Portugal,Israel,0,0,2,0,0,0,5,7,2
Portugal,Italy,0,4,14,13,10,3,6,50,6
Portugal,Lithuania,0,0,6,0,0,6,0,12,2
Portugal,Malta,0,0,0,0,4,0,0,4,1
Portugal,Moldova,0,18,6,0,8,8,8,48,5
Portugal,Netherlands,0,3,0,20,1,11,0,35,4
Portugal,North Macedonia,0,0,0,5,0,0,0,5,1
Portugal,Norway,0,2,0,10,0,2,5,19,4
Portugal,Romania,0,7,0,0,0,0,0,7,1
Portugal,Russia,0,0,0,10,11,0,0,21,2
Portugal,Serbia,0,0,0,0,0,8,4,12,2
Portugal,Slovenia,0,0,3,3,0,0,0,6,2
Portugal,Spain,0,5,14,12,0,22,13,66,5
Portugal,Sweden,0,8,0,2,4,7,12,33,5
Portugal,Switzerland,0,0,0,6,13,2,2,23,4
Portugal,Ukraine,0,3,4,0,12,20,12,51,5
Portugal,United Kingdom,0,0,0,0,0,16,0,16,1
Romania,Albania,0,0,0,2,0,0,5,7,2
Romania,Australia,0,4,2,14,0,6,3,29,5
Romania,Austria,0,1,12,0,0,0,0,13,2
Romania,Azerbaijan,0,0,0,16,4,0,0,20,2
Romania,Belgium,0,5,0,0,0,0,2,7,2
Romania,Bulgaria,0,18,5,0,2,0,0,25,3
Romania,Croatia,0,6,0,0,0,0,0,6,1
Romania,Cyprus,0,0,12,0,0,0,7,19,2
Romania,Czech Republic,0,0,3,8,0,0,0,11,2
Romania,Denmark,0,5,2,0,0,0,0,7,2
Romania,Estonia,0,0,3,0,0,5,8,16,3
Romania,Finland,0,0,0,0,14,0,10,24,2
Romania,France,0,4,0,1,12,1,3,21,5
Romania,Germany,0,0,8,0,1,0,0,9,2
Romania,Greece,0,1,0,0,0,2,0,3,2
Romania,Hungary,0,10,10,0,0,0,0,20,2
Romania,Iceland,0,0,0,5,0,0,0,5,1
Romania,Ireland,0,0,1,0,0,0,0,1,1
Romania,Israel,0,2,8,3,1,0,10,24,5
Romania,Italy,0,6,6,8,13,8,19,60,6
Romania,Lithuania,0,0,6,0,3,0,0,9,2
Romania,Malta,0,0,0,0,14,0,0,14,1
Romania,Moldova,0,20,19,0,18,12,19,88,5
Romania,Netherlands,0,12,8,17,0,3,0,40,4
Romania,North Macedonia,0,0,0,7,0,0,0,7,1
Romania,Norway,0,0,0,4,0,2,5,11,3
Romania,Poland,0,0,0,0,0,0,1,1,1
Romania,Portugal,0,13,0,0,10,7,0,30,3
Romania,Russia,0,0,0,13,0,0,0,13,1
Romania,Serbia,0,0,0,3,0,7,0,10,2
Romania,Slovenia,0,0,1,0,0,0,2,3,2
Romania,Spain,0,0,10,0,0,9,0,19,2
Romania,Sweden,0,9,0,1,0,16,18,44,4
Romania,Switzerland,0,0,0,14,12,5,0,31,3
Romania,Ukraine,0,0,0,0,12,22,4,38,3
Romania,United Kingdom,0,0,0,0,0,11,0,11,1
Russia,Albania,0,0,0,3,0,0,0,3,1
Russia,Armenia,24,0,0,0,0,0,0,24,1
Russia,Australia,6,0,5,4,0,0,0,15,3
Russia,Austria,8,0,0,0,0,0,0,8,1
Russia,Azerbaijan,16,0,0,24,12,0,0,52,3
Russia,Belarus,0,0,0,15,0,0,0,15,1
Russia,Belgium,0,0,0,0,3,0,0,3,1
Russia,Bulgaria,0,0,0,0,6,0,0,6,1
Russia,Cyprus,11,0,11,8,14,0,0,44,4
Russia,Czech Republic,0,0,2,0,0,0,0,2,1
Russia,Denmark,0,0,7,0,0,0,0,7,1
Russia,Estonia,0,0,9,0,0,0,0,9,1
Russia,Finland,0,0,0,0,8,0,0,8,1
Russia,France,10,0,2,0,6,0,0,18,3
Russia,Georgia,5,0,0,0,0,0,0,5,1
Russia,Germany,0,0,4,0,0,0,0,4,1
Russia,Greece,0,0,0,10,7,0,0,17,2
Russia,Hungary,1,0,0,0,0,0,0,1,1
Russia,Iceland,0,0,0,9,1,0,0,10,2
Russia,Israel,0,0,18,0,5,0,0,23,2
Russia,Italy,0,0,7,1,20,0,0,28,3
Russia,Latvia,4,0,0,0,0,0,0,4,1
Russia,Lithuania,0,0,3,0,2,0,0,5,2
Russia,Malta,8,0,0,6,4,0,0,18,3
Russia,Moldova,0,0,24,0,15,0,0,39,2
Russia,Netherlands,0,0,0,5,0,0,0,5,1
Russia,North Macedonia,0,0,0,4,0,0,0,4,1
Russia,Norway,0,0,5,10,0,0,0,15,2
Russia,Poland,5,0,0,0,0,0,0,5,1
Russia,San Marino,0,0,0,5,0,0,0,5,1
Russia,Serbia,0,0,0,3,0,0,0,3,1
Russia,Slovenia,0,0,0,6,0,0,0,6,1
Russia,Spain,0,0,0,1,0,0,0,1,1
Russia,Sweden,2,0,11,0,0,0,0,13,2
Russia,Switzerland,0,0,0,2,6,0,0,8,2
Russia,Ukraine,10,0,8,0,7,0,0,25,3
Russia,United Kingdom,6,0,0,0,0,0,0,6,1
San Marino,Albania,0,0,0,7,2,0,0,9,2
San Marino,Armenia,2,4,0,0,0,0,0,6,2
San Marino,Australia,5,0,2,0,0,6,5,18,4
San Marino,Austria,1,0,0,0,0,0,6,7,2
San Marino,Azerbaijan,0,6,0,8,0,7,0,21,3
San Marino,Belgium,0,13,0,0,0,0,7,20,2
San Marino,Bulgaria,3,14,0,0,5,0,0,22,3
San Marino,Croatia,0,3,0,0,0,0,0,3,1
San Marino,Cyprus,5,0,7,12,8,0,5,37,5
San Marino,Czech Republic,0,0,10,0,0,0,0,10,1
San Marino,Denmark,0,0,6,0,0,0,0,6,1
San Marino,Estonia,0,0,5,0,0,0,10,15,2
San Marino,Finland,0,0,0,0,5,0,12,17,2
San Marino,France,0,0,0,0,22,0,0,22,1
San Marino,Georgia,6,0,0,0,0,0,0,6,1
San Marino,Germany,0,0,14,0,0,0,0,14,1
San Marino,Greece,0,0,0,18,15,17,0,50,3
San Marino,Hungary,3,4,0,0,0,0,0,7,2
San Marino,Iceland,0,0,0,8,0,0,0,8,1
San Marino,Ireland,0,0,4,0,0,0,0,4,1
San Marino,Israel,0,0,24,1,0,0,10,35,3
San Marino,Italy,10,13,12,20,22,8,19,104,7
San Marino,Latvia,6,0,0,0,0,0,0,6,1
San Marino,Lithuania,8,0,0,0,6,0,10,24,3
San Marino,Malta,3,0,0,0,7,0,0,10,2
San Marino,Moldova,0,8,9,0,11,4,6,38,5
San Marino,Netherlands,4,7,0,9,0,0,0,20,3
San Marino,North Macedonia,0,0,0,1,0,0,0,1,1
San Marino,Norway,0,10,0,3,0,2,5,20,4
San Marino,Poland,7,1,0,0,0,4,1,13,4
San Marino,Portugal,0,19,0,0,0,0,0,19,1
San Marino,Romania,0,6,0,0,0,1,0,7,2
San Marino,Russia,17,0,0,22,1,0,0,40,3
San Marino,Serbia,0,0,3,0,0,8,0,11,2
San Marino,Slovenia,0,0,6,0,0,0,0,6,1
San Marino,Spain,0,0,0,0,0,22,2,24,2
San Marino,Sweden,4,2,8,0,0,8,12,34,5
San Marino,Switzerland,0,0,0,7,7,1,0,15,3
San Marino,Ukraine,24,0,5,0,5,14,6,54,5
San Marino,United Kingdom,8,6,1,0,0,14,0,29,4
Serbia,Albania,0,0,1,0,0,0,0,1,1
Serbia,Armenia,5,5,0,0,0,0,0,10,2
Serbia,Australia,12,3,0,7,0,0,0,22,3
Serbia,Austria,0,4,4,0,0,0,9,17,3
Serbia,Azerbaijan,0,0,0,3,4,12,0,19,3
Serbia,Belgium,5,3,0,0,0,8,0,16,3
Serbia,Bulgaria,12,16,2,0,6,0,0,36,4
Serbia,Croatia,4,5,0,0,0,0,18,27,3
Serbia,Cyprus,3,0,10,0,2,0,0,15,3
Serbia,Czech Republic,0,0,5,4,0,3,5,17,4
Serbia,Denmark,0,0,4,2,0,0,0,6,2
Serbia,Estonia,0,0,3,6,0,16,0,25,3
Serbia,Finland,0,0,0,0,17,6,19,42,3
Serbia,France,0,2,0,1,22,2,5,32,5
Serbia,Germany,0,0,10,0,0,0,0,10,1
Serbia,Greece,0,0,0,0,6,0,0,6,1
Serbia,Hungary,10,22,12,0,0,0,0,44,3
Serbia,Iceland,0,0,0,5,12,0,0,17,2
Serbia,Israel,7,1,9,0,2,0,17,36,5
Serbia,Italy,0,14,14,17,20,4,4,73,6
Serbia,Lithuania,8,0,0,0,0,5,0,13,2
Serbia,Malta,10,0,0,0,0,0,0,10,1
Serbia,Moldova,0,14,6,0,0,12,0,32,3
Serbia,Netherlands,5,0,7,3,0,0,0,15,3
Serbia,North Macedonia,0,0,0,24,0,0,0,24,1
Serbia,Norway,0,0,9,4,0,8,5,26,4
Serbia,Portugal,0,20,0,0,5,7,0,32,3
Serbia,Romania,0,4,0,0,0,5,0,9,2
Serbia,Russia,13,0,0,8,6,0,0,27,3
Serbia,San Marino,0,0,0,1,0,0,0,1,1
Serbia,Slovenia,0,0,8,10,0,0,20,38,3
Serbia,Spain,0,0,0,2,0,14,3,19,3
Serbia,Sweden,1,3,12,8,4,6,11,45,7
Serbia,Switzerland,0,0,0,11,2,0,0,13,2
Serbia,Ukraine,19,0,0,0,8,7,0,34,3
Serbia,United Kingdom,2,0,0,0,0,1,0,3,2
Slovenia,Albania,0,0,5,0,0,0,7,12,2
Slovenia,Armenia,4,3,0,0,0,0,0,7,2
Slovenia,Australia,9,7,0,2,0,0,4,22,4
Slovenia,Austria,6,0,12,0,0,0,3,21,3
Slovenia,Azerbaijan,0,4,0,10,0,0,0,14,2
Slovenia,Belgium,8,11,0,0,6,0,7,32,4
Slovenia,Bulgaria,12,15,0,0,0,0,0,27,2
Slovenia,Croatia,8,12,0,0,0,0,12,32,3
Slovenia,Cyprus,0,0,14,0,0,0,0,14,1
Slovenia,Czech Republic,0,0,11,12,0,0,6,29,3
Slovenia,Denmark,0,0,7,7,0,0,0,14,2
Slovenia,Estonia,0,0,5,1,0,0,10,16,3
Slovenia,Finland,0,0,0,0,8,0,10,18,2
Slovenia,France,0,0,2,3,8,0,3,16,4
Slovenia,Germany,0,0,4,0,0,0,0,4,1
Slovenia,Greece,0,0,0,0,11,12,0,23,2
Slovenia,Hungary,3,5,3,0,0,0,0,11,3
Slovenia,Iceland,0,0,0,7,13,0,0,20,2
Slovenia,Israel,2,0,1,0,1,0,0,4,3
Slovenia,Italy,1,12,10,16,22,18,20,99,7
Slovenia,Latvia,7,0,0,0,0,0,0,7,1
Slovenia,Lithuania,0,0,0,0,0,12,8,20,2
Slovenia,Malta,0,0,0,1,5,0,0,6,2
Slovenia,Moldova,0,3,6,0,0,7,0,16,3
Slovenia,Netherlands,1,1,7,11,0,8,0,28,5
Slovenia,North Macedonia,0,0,0,14,0,0,0,14,1
Slovenia,Norway,0,0,5,6,2,3,5,21,5
Slovenia,Poland,4,4,0,0,0,0,1,9,3
Slovenia,Portugal,0,20,0,0,0,3,0,23,2
Slovenia,Romania,0,2,0,0,0,0,0,2,1
Slovenia,Russia,10,0,0,0,9,0,0,19,2
Slovenia,Serbia,17,0,12,10,12,18,6,75,6
Slovenia,Spain,0,0,0,0,0,5,2,7,2
Slovenia,Sweden,5,7,12,7,0,5,11,47,6
Slovenia,Switzerland,0,0,0,9,12,5,1,27,4
Slovenia,Ukraine,19,0,0,0,7,18,0,44,3
Slovenia,United Kingdom,0,10,0,0,0,2,0,12,2
Spain,Armenia,18,0,0,0,0,0,5,23,2
Spain,Australia,12,8,0,15,0,8,0,43,4
Spain,Austria,2,3,8,0,0,0,0,13,3
Spain,Azerbaijan,2,0,0,8,0,12,0,22,3
Spain,Belgium,0,8,0,0,0,5,7,20,3
Spain,Bulgaria,12,16,5,0,12,0,0,45,4
Spain,Cyprus,0,0,20,5,6,0,0,31,3
Spain,Czech Republic,0,0,14,6,0,0,0,20,2
Spain,Estonia,0,0,3,0,0,0,7,10,2
Spain,Finland,0,0,0,0,2,0,13,15,2
Spain,France,17,3,10,4,24,0,5,63,6
Spain,Germany,0,0,13,0,0,0,0,13,1
Spain,Greece,0,2,0,0,1,2,0,5,3
Spain,Hungary,10,0,0,0,0,0,0,10,1
Spain,Iceland,0,0,0,3,12,0,0,15,2
Spain,Ireland,0,0,6,0,0,0,0,6,1
Spain,Israel,1,0,22,0,3,0,15,41,4
Spain,Italy,8,18,10,16,10,15,16,93,7
Spain,Lithuania,0,0,0,0,6,0,0,6,1
Spain,Malta,6,0,0,0,11,0,0,17,2
Spain,Moldova,0,13,0,0,0,7,1,21,3
Spain,Netherlands,3,3,0,16,0,0,0,22,3
Spain,Norway,0,0,3,7,0,3,10,23,4
Spain,Poland,5,0,0,0,0,1,0,6,2
Spain,Portugal,0,24,0,0,6,4,10,44,4
Spain,Romania,0,7,0,0,0,14,0,21,2
Spain,Russia,12,0,0,4,0,0,0,16,2
Spain,Serbia,0,0,0,0,0,8,0,8,1
Spain,Slovenia,0,0,0,1,0,0,0,1,1
Spain,Sweden,1,10,2,18,0,13,17,61,6
Spain,Switzerland,0,0,0,13,17,1,0,31,3
Spain,Ukraine,7,0,0,0,6,12,10,35,4
Spain,United Kingdom,0,1,0,0,0,11,0,12,2
Sweden,Armenia,4,0,0,0,0,2,0,6,2
Sweden,Australia,24,10,8,11,0,10,1,64,6
Sweden,Austria,5,4,12,0,0,0,0,21,3
Sweden,Azerbaijan,10,0,0,8,0,7,0,25,3
Sweden,Belgium,0,13,0,0,1,1,7,22,4
Sweden,Bulgaria,4,14,6,0,0,0,0,24,3
Sweden,Croatia,0,2,0,0,0,0,5,7,2
Sweden,Cyprus,0,2,16,7,0,0,1,26,4
Sweden,Czech Republic,3,0,3,1,0,5,6,18,5
Sweden,Denmark,0,5,12,7,0,0,0,24,3
Sweden,Estonia,0,0,0,10,0,10,2,22,3
Sweden,Finland,0,0,9,0,12,7,24,52,4
Sweden,France,11,0,5,0,12,0,12,40,4
Sweden,Germany,0,0,6,0,0,0,0,6,1
Sweden,Hungary,0,4,0,0,0,0,0,4,1
Sweden,Iceland,0,0,0,8,17,0,0,25,2
Sweden,Ireland,0,0,4,0,0,0,0,4,1
Sweden,Israel,0,0,17,0,4,0,5,26,3
Sweden,Italy,0,7,0,12,13,0,13,45,4
Sweden,Lithuania,8,0,7,0,7,3,0,25,4
Sweden,Malta,7,0,0,2,14,0,0,23,3
Sweden,Moldova,0,16,0,0,0,0,0,16,1
Sweden,Netherlands,7,3,1,18,0,1,0,30,5
Sweden,North Macedonia,0,0,0,2,0,0,0,2,1
Sweden,Norway,0,6,10,16,10,13,18,73,6
Sweden,Poland,10,5,0,0,0,5,0,20,3
Sweden,Portugal,0,22,0,0,0,0,0,22,1
Sweden,Romania,0,3,0,0,0,0,0,3,1
Sweden,Russia,14,0,0,3,3,0,0,20,3
Sweden,Serbia,0,0,0,0,1,12,0,13,2
Sweden,Spain,2,0,0,0,0,14,0,16,2
Sweden,Switzerland,0,0,0,11,10,0,14,35,3
Sweden,Ukraine,7,0,0,0,12,12,4,35,4
Sweden,United Kingdom,0,0,0,0,0,14,4,18,2
Switzerland,Albania,0,0,7,10,7,0,12,36,4
Switzerland,Armenia,0,0,0,0,0,0,5,5,1
Switzerland,Australia,13,4,0,4,0,4,2,27,5
Switzerland,Austria,14,0,8,0,0,0,7,29,3
Switzerland,Azerbaijan,0,0,0,0,2,0,0,2,1
Switzerland,Belgium,10,13,0,0,0,0,0,23,2
Switzerland,Bulgaria,1,14,2,0,10,0,0,27,4
Switzerland,Croatia,0,8,0,0,0,0,6,14,2
Switzerland,Cyprus,0,0,10,0,0,0,0,10,1
Switzerland,Czech Republic,0,0,0,0,0,0,12,12,1
Switzerland,Denmark,0,0,2,1,0,0,0,3,2
Switzerland,Estonia,0,0,10,0,0,0,10,20,2
Switzerland,Finland,0,0,0,0,5,0,8,13,2
Switzerland,France,3,3,0,5,18,0,0,29,4
Switzerland,Germany,8,3,18,6,0,2,4,41,6
Switzerland,Greece,0,0,0,0,0,12,0,12,1
Switzerland,Hungary,0,8,0,0,0,0,0,8,1
Switzerland,Iceland,0,0,0,0,10,0,0,10,1
Switzerland,Ireland,0,0,6,0,0,0,0,6,1
Switzerland,Israel,8,0,6,0,0,0,4,18,3
Switzerland,Italy,9,12,8,17,18,10,18,92,7
Switzerland,Latvia,3,0,0,0,0,0,0,3,1
Switzerland,Lithuania,7,0,8,0,5,0,0,20,3
Switzerland,Malta,0,0,0,0,6,0,0,6,1
Switzerland,Moldova,0,0,0,0,0,4,0,4,1
Switzerland,Netherlands,5,7,0,16,0,10,0,38,4
Switzerland,North Macedonia,0,0,0,14,0,0,0,14,1
Switzerland,Norway,0,5,0,15,0,1,6,27,4
Switzerland,Poland,5,0,0,0,0,1,0,6,2
Switzerland,Portugal,0,24,13,0,15,12,7,71,5
Switzerland,Romania,0,4,0,0,0,0,0,4,1
Switzerland,Russia,6,0,0,3,3,0,0,12,3
Switzerland,Serbia,12,0,12,7,12,12,1,56,6
Switzerland,Spain,2,0,1,5,0,14,3,25,5
Switzerland,Sweden,0,11,5,12,3,10,11,52,6
Switzerland,Ukraine,10,0,0,0,2,13,0,25,3
Switzerland,United Kingdom,0,0,0,1,0,11,0,12,2
Ukraine,Armenia,7,0,0,0,0,2,0,9,2
Ukraine,Australia,9,2,2,0,0,3,8,24,5
Ukraine,Austria,0,0,7,0,0,0,0,7,1
Ukraine,Azerbaijan,17,6,0,0,6,5,0,34,4
Ukraine,Belarus,0,20,0,0,0,0,0,20,1
Ukraine,Belgium,10,6,0,0,7,0,0,23,3
Ukraine,Bulgaria,3,2,0,0,0,0,0,5,2
Ukraine,Croatia,0,7,0,0,0,0,8,15,2
Ukraine,Cyprus,0,0,4,0,0,0,0,4,1
Ukraine,Czech Republic,0,0,14,0,0,1,9,24,3
Ukraine,Denmark,0,0,11,0,0,0,0,11,1
Ukraine,Estonia,0,0,4,0,0,5,5,14,3
Ukraine,Finland,0,0,0,0,8,4,10,22,3
Ukraine,France,0,11,19,0,15,0,0,45,3
Ukraine,Georgia,9,0,0,0,0,0,0,9,1
Ukraine,Greece,0,0,0,0,0,7,0,7,1
Ukraine,Hungary,2,12,1,0,0,0,0,15,3
Ukraine,Iceland,0,0,0,0,10,8,0,18,2
Ukraine,Israel,6,0,22,0,7,0,2,37,4
Ukraine,Italy,0,0,5,0,24,0,2,31,3
Ukraine,Latvia,13,0,0,0,0,0,0,13,1
Ukraine,Lithuania,15,0,2,0,10,10,14,51,5
Ukraine,Malta,0,0,0,0,5,0,0,5,1
Ukraine,Moldova,0,16,6,0,0,6,6,34,4
Ukraine,Netherlands,0,3,8,0,0,11,0,22,3
Ukraine,Norway,0,1,0,0,1,2,7,11,4
Ukraine,Poland,8,0,0,0,0,12,18,38,3
Ukraine,Portugal,0,20,0,0,2,10,0,32,3
Ukraine,Romania,0,3,0,0,0,0,0,3,1
Ukraine,Russia,12,0,0,0,4,0,0,16,2
Ukraine,Slovenia,0,0,5,0,0,0,3,8,2
Ukraine,Spain,0,0,0,0,0,1,0,1,1
Ukraine,Sweden,5,7,6,0,2,4,15,39,6
Ukraine,Switzerland,0,0,0,0,15,6,0,21,2
Ukraine,United Kingdom,0,0,0,0,0,19,9,28,2
United Kingdom,Albania,0,0,7,0,0,0,0,7,1
United Kingdom,Armenia,0,0,0,0,0,0,3,3,1
United Kingdom,Australia,14,10,1,18,0,6,12,61,6
United Kingdom,Austria,0,3,12,0,0,0,0,15,2
United Kingdom,Azerbaijan,0,0,0,10,0,7,0,17,2
United Kingdom,Belarus,0,1,0,0,0,0,0,1,1
United Kingdom,Belgium,0,8,0,0,1,0,13,22,3
United Kingdom,Bulgaria,13,19,14,0,13,0,0,59,4
United Kingdom,Croatia,1,5,0,0,0,0,0,6,2
United Kingdom,Cyprus,9,0,8,1,0,0,0,18,3
United Kingdom,Czech Republic,0,0,5,1,0,0,0,6,2
United Kingdom,Denmark,0,2,2,9,0,0,0,13,3
United Kingdom,Estonia,0,0,6,0,0,7,6,19,3
United Kingdom,Finland,0,0,4,0,11,0,12,27,3
United Kingdom,France,6,0,0,2,17,0,0,25,3
United Kingdom,Georgia,12,0,0,0,0,0,0,12,1
United Kingdom,Germany,0,0,3,0,0,0,0,3,1
United Kingdom,Greece,0,0,0,0,0,4,0,4,1
United Kingdom,Hungary,0,1,0,0,0,0,0,1,1
United Kingdom,Iceland,0,0,0,8,20,0,0,28,2
United Kingdom,Ireland,0,0,13,0,0,0,0,13,1
United Kingdom,Israel,3,0,17,0,6,0,7,33,4
United Kingdom,Italy,0,2,0,0,3,0,2,7,3
United Kingdom,Latvia,3,0,0,0,0,0,0,3,1
United Kingdom,Lithuania,16,0,12,0,12,7,18,65,5
United Kingdom,Malta,0,0,0,0,6,0,0,6,1
United Kingdom,Moldova,0,12,4,0,0,8,1,25,4
United Kingdom,Netherlands,0,4,0,10,0,0,0,14,2
United Kingdom,North Macedonia,0,0,0,12,0,0,0,12,1
United Kingdom,Norway,0,0,5,12,2,6,7,32,5
United Kingdom,Poland,10,10,0,0,0,18,8,46,4
United Kingdom,Portugal,0,20,0,0,7,3,0,30,3
United Kingdom,Romania,0,7,0,0,0,3,0,10,2
United Kingdom,Russia,7,0,0,4,0,0,0,11,2
United Kingdom,San Marino,0,0,0,0,3,0,0,3,1
United Kingdom,Serbia,2,0,0,0,0,2,0,4,2
United Kingdom,Slovenia,0,0,0,0,0,0,1,1,1
United Kingdom,Spain,4,0,1,2,2,15,5,29,6
United Kingdom,Sweden,1,12,2,15,0,16,17,63,6
United Kingdom,Switzerland,0,0,0,12,9,2,0,23,3
United Kingdom,Ukraine,15,0,0,0,4,12,4,35,4
